head,date,body,category
米大統領選アイオワ州党員集会、共和党はハッカビー氏が勝利＝報道,2008/01/4,2008年の米大統領選挙の共和、民主両党の候補者を選出する予備選の第1弾アイオワ州党員集会について、FOXニュースは共和党はハッカビー前アーカンソー州知事が勝利したと伝えた。CNNとABCは、2位はロムニー前マサチューセッツ州知事と伝えている。,1
米大統領選アイオワ州党員集会、民主党はオバマ氏が勝利＝報道,2008/01/4,米NBCは、2008年米大統領選挙の候補者を選出する予備選の第1弾アイオワ州党員集会について、民主党はオバマ上院議員が勝利したと伝えた。,1
米大統領選アイオワ州党員集会、民主オバマ共和ハッカビー氏勝利,2008/01/4,米大統領選（11月4日投票）の共和、民主両党の指名候補を選出するための予備選が3日、アイオワ州党員集会でスタートしたが、民主党はオバマ上院議員、共和党はハッカビー前アーカンソー州知事がそれぞれ勝利した。国内メディアが伝えた。両党候補者の支持率調査ではこれまで、民主党はヒラリークリントン上院議員、共和党はロムニー前マサチューセッツ州知事らが優位に立っていた。しかし、一時劣勢が伝えられていたオバマ、ハッカビー両候補は巻き返しをはかり、最初の党員集会を制した。バプテスト教会の牧師だった経歴を持つハッカビー氏は、選挙資金面では圧倒的に優位に立つ富豪のベンチャー投資家でもあるロムニー氏を寄せ付けなかった。オバマ氏は、クリントン上院議員のほか、エドワーズ元上院議員との三つ巴の接戦を制したが、2位はまだ確定していない。アイオワ州の党員集会は州内1700カ所以上で行われ、今後各州での予備選が本格化する。共和党ではハッカビー氏が予想外の勝利となったが、接戦でこれまでどの候補も自分がトップと宣言できない状態が続いていた同党の候補者選びに大きな変化が起きることになる。アイオワ州はキリスト教右派の有権者が多く、ハッカビー氏の勝利につながったとみられている。,1
北朝鮮、「戦争抑止力」を高めると表明,2008/01/4,北朝鮮は4日、戦争抑止力を高めると表明した。前日には米政府が、昨年末としていた核計画の申告期限を北朝鮮が守らなかった問題への対応を協議するため、ヒル米国務次官補（東アジア太平洋担当）をアジアに派遣すると発表している。北朝鮮の労働党機関誌労働新聞は「米国が核戦争を始めようとしていることに対応し、われわれは戦争抑止力を一段と高める」と論じた。米国務省は、ヒル氏が来週、アジアとロシアを歴訪すると発表した。,1
米大統領選アイオワ州党員集会、民主党はオバマ候補が勝利,2008/01/4,大統領選挙に向けて3日に全米トップを切ってアイオワ州で行われた党員集会で、民主党はオバマ候補が勝利を収め、初の黒人大統領誕生に向けて大きく前進した。一方、一時は大統領候補として最有力視されていたクリントン候補はエドワーズ候補にも及ばず3位に終わり、大きな痛手を受けた。一方、共和党ではハッカビー候補が一時はリードしていたロムニー候補を抑え、トップに立った。民主党の党員集会を制したオバマ候補は「われわれは恐怖よりも希望、分裂よりも団結を選び、米国に変化が近づきつつあるという強力なメッセージを送った」と述べた。共和党のハッカビー候補も支持者を前に「今夜、米国の政治に新たな日が訪れた。米国の政治は皆さんのような人々が手にしていることが示された」と語った。今後の焦点は8日に行われるニューハンプシャー州の予備選に移る。民主党ではアイオワ州で3位に甘んじたクリントン候補にとって、形勢を立て直すために大きな重圧がかかることになる。一方、オバマ候補にとってはニューハンプシャー州でも勝利を収めれば、指名獲得に向けてさらに基盤が固まる。また、民主党ではアイオワ州の結果を受けて、ドッド候補とバイデン候補が指名争いから撤退する考えを表明した。民主党の得票率はオバマ候補が38％、エドワーズ候補が30％、クリントン候補が29％、リチャードソン候補が2％だった。共和党では、ハッカビー候補が34％、ロムニー候補が26％、マケイン候補とトンプソン候補がともに13％、ポール候補が10％だった。,1
アルカイダの米国人メンバー、ブッシュ大統領への攻撃呼び掛け,2008/01/7,アルカイダの米国人メンバーであるアダムガダーン容疑者は、6日インターネット上で放映された映像のなかで、今週中東を訪問するブッシュ米大統領を「爆弾で歓迎する」ようイスラム教過激派に呼び掛け、カメラに向け自身の米国パスポートを引き裂いた。50分に及ぶビデオ映像はほぼ英語で収録されており、同容疑者はこのなかで「彼を花束と拍手ではなく、爆弾と罠で迎えよう」と述べた。また、米国で収監されているイスラム教徒が釈放されるまで米国に対する聖戦は続くと述べた。,1
クリントン氏、オバマ氏の「変革」に批判強めるが効果薄,2008/01/7,米大統領選予備選初戦の民主党アイオワ州党員集会でオバマ上院議員らに敗れたヒラリークリントン上院議員は、8日のニューハンプシャー州予備選で巻き返しを図るため、オバマ氏の主張する「変革」を批判したが、期待していたような結果は得られていないようだ。一方、接戦の共和党側は、ロムニー前マサチューセッツ州知事が、マケイン上院議員に対して舌戦を展開した。4日のアイオワ州党員集会で敗退したクリントン、ロムニー両候補は、ニューハンプシャー州予備選で劣勢ばん回を狙っているが、両党とも選挙戦が対立候補を攻撃するネガティブキャンペーンの様相に転じている。同州で前日行われた討論会で、クリントン氏はオバマ氏が主張する「米国の変革」に不満を募らせ批判したが、6日当地での集会でも「口舌の徒ではなく実行家を指名し選出することによって、変革はもたらされる」と述べ、オバマ氏に対し一段と強硬姿勢で臨む戦略に転じた。また、エドワーズ元上院議員も含め、山積する問題にリーダーシップを発揮していないと述べ「それは変革ではない」と主張し、集会では支持者もそれに呼応した。オバマ氏はこれに対し「これまでの選挙戦で希望について語る私はからかわれ、冷笑されてきた。昨夜も対立候補の1人が、何が達成可能なのかについて米国民に『偽りの期待』を持たせることは止めるべきだと示唆した。それは一体どんな種類のアジェンダなのか」と反論した。一方、ニューハンプシャー州予備選で上位に入る必要がある共和党のロムニー候補は当地での集会で、民主党のオバマ氏に対抗するにはマケイン候補は力量不足と指摘した。,1
米大統領選、ワイオミング州の共和党党員集会でロムニー氏が勝利,2008/01/7,11月の米大統領選に向けた共和党の候補指名争いで5日、ワイオミング州の党員集会が行われ、ロムニー前マサチューセッツ州知事が勝利した。ロムニー氏は、アイオワ州党員集会でハッカビー前アーカンソー州知事に敗北しているだけにワイオミング州での勝利は今後への弾みとなった。2位はトンプソン元上院議員、3位はハンター下院議員。ただ、指名争いの焦点は、すでに8日のニューハンプシャー州予備選に移っている。ワイオミング州は人口約52万人と米国で最も人口が少ない州のため、過去の大統領選では多くの候補に無視されてきたが、共和党が今年、党員集会の日程を早めて注目を集める戦略をとった。,1
ホルムズ海峡でイラン高速艇が米軍艦船を威嚇＝米国防総省,2008/01/8,米国防総省は7日、ペルシャ湾のホルムズ海峡で現地時間5日夜から6日未明にかけイラン革命防衛隊の艦船5隻が、米海軍艦船3隻に至近距離まで接近し、威嚇行為を行ったことを明らかにした。国防総省のホイットマン報道官によると、米海軍艦船3隻がホルムズ海峡の公海を航行中、イランの高速艇5隻が接近し威嚇行動をとった。明らかに武装していた高速艇もあったという。これを受けて米艦船も警告を発し対抗措置をとる態勢に入っていた。国営イラン通信によると、イラン側もこの事態を確認。外務省報道官は、5日の事態は過去のケースと類似のもので、通常のことだと述べた。国防総省当局者によると、イラン側は無線で「数分以内に爆発する」と警告。イランの高速艇が艦船から離れたときは、米軍司令官が砲撃命令を出すところだったという。ホイットマン報道官は、敵対行為ともみられる思慮に欠ける行為であり深刻な事態とし、イラン政府は説明すべきと述べた。米国家安全保障会議（NSC）のジョンドロー報道官は「イランに対し、危険な事態に発展する恐れのあるこのような挑発的行為を慎むよう強く求める」と述べた。,1
米ニューハンプシャー州、オバマ氏支持率がクリントン氏をリード＝調査,2008/01/8,ロイター／Cスパン／ゾグビーによる世論調査によると、米大統領選挙の予備選を8日に控えたニューハンプシャー州で、米民主党オバマ候補の支持率がクリントン候補を10ポイント上回った。共和党のトップはマケイン候補で、ロムニー候補を5ポイント上回った。アイオワ州党員集会後にニューハンプシャー州全体を対象に実施された世論調査はこれが初めて。オバマ候補の支持率は11ポイント上昇して39％。かつて同州での支持率トップだったクリントン候補は29％、エドワーズ候補は19％だった。ゾグビーのジョンゾグビー最高経営責任者（CEO）によると、オバマ候補の支持率は5日の討論会後も上昇。無党派層によるリードが拡大しているほか、若者や穏健派、組合員の間でも優勢となっている。調査は4日から6日にかけて予備選で民主党に投票予定の844人、共和党に投票予定の834人を対象に実施された。共和党では、マケイン候補の支持率は34％、ロムニー候補は29％。アイオワ州党員集会でトップだったハッカビー候補は10％に若干後退、ジュリアーニ候補は9％だった。,1
米大統領選予備選、ニューハンプシャー州北部でオバマ氏とマケイン氏が勝利,2008/01/8,11月の米大統領選に向けた各党候補指名争いを左右するニューハンプシャー州の予備選の投票が8日、まず同州北部ディックスビルノッチで行われ、民主党は、同党に投じられた10票のうちオバマ候補が7票を獲得して勝利を収めた。共和党はマケイン候補が勝った。民主党ではその他、エドワーズ候補が2票、リチャードソン候補が1票を獲得、クリントン候補は票を獲得できなかった。共和党に投じられた7票のうちマケイン候補は4票を獲得、あとはロムニー候補が2票、ジュニアーニ候補が1票となった。ディックスビルノッチの登録有権者は17人。,1
米大統領選ニューハンプシャー州予備選挙、共和党はマケイン氏が勝利＝メディア,2008/01/9,米メディアの予想によると、米大統領選のニューハンプシャー州予備選挙で、共和党はマケイン上院議員が勝利した。一時は苦戦が伝えられたマケイン氏だが、2月5日のスーパーチューズデーを含めた今後の選挙戦に向け有力候補に踊り出た。同氏は一貫してイラク戦争支持を表明している。,1
米大統領選予備選、共和党はマケイン氏民主党はオバマ氏とクリントン氏が僅差,2008/01/9,米大統領選挙の各党候補指名争いを左右するニューハンプシャー州予備選で、共和党はマケイン上院議員が勝利した。2位はロムニー前マサチューセッツ州知事。一時は苦戦が伝えられたマケイン氏だが、今後の選挙戦に向け有力候補に踊り出た。民主党は、オバマ上院議員とクリントン上院議員が、最近の世論調査で示されたよりもはるかに僅差で争っている。開票率約13％の時点では、クリントン氏が得票率40％でオバマ氏の36％を上回っている。,1
米大統領選ニューハンプシャー州予備選挙、民主党はクリントン氏が勝利＝NBC予想,2008/01/9,米NBCの予想によると、米大統領選挙のニューハンプシャー州予備選挙で、民主党はクリントン上院議員が勝利した。,1
米大統領選ニューハンプシャー州予備選、民主党はクリントン氏が僅差勝利,2008/01/9,11月の米大統領選に向けた各党候補者選びで前半戦のヤマ場となるニューハンプシャー州の予備選が8日行われ、民主党はアイオワ州の党員集会で3位に甘んじたクリントン上院議員が、事前の世論調査に反して僅差でオバマ上院議員を破り、大きな勝利を獲得した。事前の一連の世論調査では、クリントン氏がオバマ氏に大きく水をあけられていたが、今回の勝利により、一進一退のクリントン氏の選挙キャンペーンに大きな弾みがつくことになる。一方共和党はマケイン上院議員が勝利した。2位はロムニー前マサチューセッツ州知事。一時は苦戦が伝えられたマケイン氏だが、今後の選挙戦に向けて有力候補に踊り出た。予備選は今後、ネバダ、サウスカロライナ州での戦いに入っていく。両党ともニューハンプシャー州では接戦となった。開票がほぼ終了した段階で、クリントン氏の得票率39％に対し、オバマ氏の得票率は37％。共和党はマケイン氏が37％でロムニー氏は32％だった。民主党の争いでは、結果が判明した深夜にかけ、クリントン氏がオバマ氏をほぼ終始リードする展開となった。オバマ氏はニューハンプシャーで勝利してクリントン氏を連敗に追い込み、民主党の候補者選びでトップランナーとしての座を固めたい意向だった。同氏はクリントン氏の勝利を祝福しつつも「私は引き続き闘志を燃やしており、先に進む準備ができている」と述べた。出口調査によると、クリントン氏は女性および年配の有権者の支持を獲得、一方、アイオワ州党員集会でオバマ氏勝利の原動力となった若い有権者の票はそれほど集まらなかった。クリントン氏はマンチェスターで歓喜の声を上げる支持者に対し「あなたがたの話に耳を傾け、その過程でわたし自身の声を見出した。ニューハンプシャー州がたった今わたしに与えてくれたような再起をアメリカにももたらそう」と呼び掛けた。,1
米大統領選、リチャードソン知事が候補指名争いから撤退へ,2008/01/10,米国のメディアは9日、今年11月の米大統領選に向けて民主党の候補者選びに名乗りを上げていたリチャードソンニューメキシコ州知事が、これまでの予備選などでの低調な結果を受け、指名レースから撤退すると報じた。8日にニューハンプシャー州で行われた予備選での同知事の得票率は5％で、クリントン上院議員、オバマ上院議員、エドワーズ元上院議員に続く4位にとどまった。同知事は選挙戦からの撤退を10日に発表する見通しという。,1
北朝鮮の非核化、年内に達成可能＝米国務次官補,2008/01/11,北朝鮮核問題をめぐる6カ国協議の米首席代表を務めるヒル国務次官補は10日、韓国の李明博次期大統領と会談後、北朝鮮の核開発計画を年内に終わらせることは可能だとの見方を示した。北朝鮮は2007年末の期限までの核計画申告を実行しなかった。ヒル次官補はまた、李氏の訪米を招請した。次官補は李氏との会談後、記者団に対し、年内に核開発計画を終わらせることが不可能だとする理由はないと述べた上で、「これまでの6カ国協議で、さまざまな困難や期限が守られなかったことはあったが、結局は成果を出してきた」と語った。,1
中国政府、通信業界の再編を最終的に承認＝香港紙,2008/01/11,11日付サウスチャイナモーニングポスト紙によると、中国政府は、懸案とされていた通信業界の再編を最終的に承認した。これを受け、あらゆるサービスの提供が可能な3大企業の設立に向け合併が促される見通し。10日の株式市場では、承認の観測で中国連合通信（チャイナユニコム）(0762.HK)が7％、中国電信（チャイナテレコム）が6％上昇した。同紙が匿名筋の話として伝えたところによると、先月と今月の会議で政府指導者が業界再編を最終的に了承した。ただUBSは10日のリポートで、再編は8月の北京オリンピックまで考えにくく、2009年にずれ込む可能性も増している、との見方を示した。,1
米国の反ダンピング制度、日本が報復措置の承認をWTOに申請,2008/01/11,日本は、米国の反ダンピング（不当廉売）制度をめぐり、米国に対する報復措置の承認を求めて世界貿易機関（WTO）に申請を行った。WTOの文書で11日、明らかになった。WTO日本代表団員はロイターに対し、「ゼロイング」と呼ばれる反ダンピング関税制度がWTOで不当と判断されたにもかかわらず、米国はこれに従って是正措置をとっていないため、日本は米国からの輸入品に年間最大2億5000万ドルの追加関税をかける対抗措置の承認を求める、と述べた。,1
バーナンキFRB議長、米経済について下院議長と14日に協議,2008/01/13,バーナンキ米連邦準備理事会（FRB）議長が14日にペロシ米下院議長と会談し、米経済押し上げのための連携方法などについて協議することが分かった。同議長のスポークスマンが12日に明らかにした。このところ市場関係者らの間では、住宅市場の冷え込みや原油高、株式相場の下落などを背景に、米国が年内に景気後退（リセッション）入りするとの懸念が広がっている。同スポークスマンによると、1対1で行われる会談でペロシ氏は、議会がどういった対策を打つべきかについてバーナンキ議長の考えを聞くとともに、民主党指導層の考えをバーナンキ議長に伝える方針だという。一方、12日付のニューヨーク･タイムズ紙は、ブッシュ大統領が28日に行う一般教書演説では、減税などを柱とした景気刺激策が発表される可能性があると報じている。,1
米上院小委員会、欧米大手金融機関4社に召喚状,2008/01/15,米ウォールストリートジャーナル（WSJ）電子版は14日、欧米大手金融機関4社がヘッジファンドの株式配当への課税回避を手助けするため不適切な金融取引を行ったかを調査している上院小委員会から召喚状を受け取ったと報じた。同紙が関係筋の情報として伝えたところによると、問題の金融機関はシティグループ(C.N)、リーマンブラザーズLEH.N、モルガンスタンレー(MS.N)、UBSUBSN.VXの4社。同4社は、大手ヘッジファンドを含む海外投資家が米国株の配当課税を回避するのを手助けするため、これらの投資家とデリバティブ取引を行った疑惑が出ている。  シティグループ当局者やモルガンスタンレーのスポークスマンはコメントを拒否。リーマンとUBSのコメントは得られていない。WSJによると、小委員会の調査担当者は、多くのヘッジファンドに対してもデリバティブの活用について聞き取り調査しているほか、連邦税務当局もこれらの取引に関する情報を収集している。調査担当者は、それらの取引に関する電子メール、マーケティング資料、他の文書などを2000年1月まで遡って提出するよう求めている。さらに、4社を通じて取引を行った顧客に関する情報提供も求めている。それらの顧客には、アンジェロゴードン、JPモルガンチェース傘下のハイブリッジキャピタルマネジメント、JMGトリトン、KBCオルタナティブインベストメントマネジメントなどのヘッジファンドが含まれるという。各ファンドのコメントは得られていない。,1
米大統領選ミシガン州予備選、共和党はロムニー氏が勝利＝メディア予想,2008/01/16,米メディアの報道によると、15日に行われた米大統領選のミシガン州予備選挙で、共和党は同州出身のロムニー前マサチューセッツ州知事が勝利した。,1
米大統領選ミシガン州予備選、共和党はロムニー氏勝利,2008/01/16,15日行われた米大統領選のミシガン州予備選で、共和党は同州出身のロムニー前マサチューセッツ州知事が勝利した。同氏の今回の勝利で、マケイン上院議員の勢いは抑えられ、共和党の大統領候補指名争いが一段と混沌としてきた。これまでの主要な党員集会や予備選でいずれも2位に甘んじてきた同氏は、出身州であるミシガン州予備選で勝利することが、今後の選挙戦継続の必須条件だった。民主党も同州で予備選の投票自体は行ったが、州側が投票日程を守らなかったことから、党全国委員会が今年夏の党大会への代議員資格はく奪処分を科し、同州予備選の指名候補選びは実質的な影響力がなくなった。その結果、オバマ上院議員とエドワーズ元上院議員は見送り、クリントン上院議員が勝利する見込み。次の焦点は19日に行われるネバダ州党員集会とサウスカロライナ州予備選に移っており、民主党のオバマ、クリントン、エドワーズの3候補は15日夜、ネバダ州で討論会を実施。共和党のマケイン、ハッカビー両候補はすでにミシガン州からサウスカロライナ州に向かっており、ロムニー候補も16日に合流する予定。,1
米大統領、18日に景気刺激策の概要を発表＝ホワイトハウス,2008/01/18,ブッシュ大統領は18日に景気刺激策の概要を発表する。ホワイトハウスのフラット副報道官が17日、明らかにした。「大統領は、短期的に成長を促す、一時的で効果的な手段をもたらすと思われる政策について話す」と述べた。,1
バーゼル委、複雑な金融商品で銀行に自己資本積み増し要請へ,2008/04/17,日米欧の銀行監督当局で構成するバーゼル銀行監視委員会は16日、複雑な金融商品を保有する金融機関に対し、自己資本の積み増しを求める方針を示した。米サブプライムローン（信用度の低い借り手向け住宅ローン）問題で価格が急落したような仕組み債やリスクの高いトレーディングが対象となる予定。仕組み債の発行保有取引に関与する金融機関の負担が増すのは確実とみられる。ウニクレディト銀行のクレジットリサーチ担当グローバルヘッド、ルイスマグラノク氏は「金融機関の収益は落ちるだろうが、健全性は増す。もうかる取引が健全な取引でないケースが多いからだ」と述べた。銀行監視委員会は、金融機関に対して、日々の業務に支障をきたさないよう、リスクの少ない流動性調達手段を確保することも求めていく方針。同委員会のウェリンク会長は「監督当局は次の危機を予測できないが、すでに起きたことから教訓を学べば、危機を乗り切れる強い金融システムの実現を促すことができる」と述べた。7カ国財務相中央銀行総裁会議（G7）は、金融機関が信用収縮で多額の損失を出していることを受けて、金融機関の監督を強化することで合意した。アナリストは、今回の発表について、金融機関は健全な取引を行わざるを得なくなると指摘。これまでは規制の抜け穴を利用して、監督機関の目の届かないところでリスクの高い投資が行われてきたが、これにより抜け穴がふさがれるとの見方を示している。スタンダード&プアーズ（S&P）は、今回の発表を歓迎したうえで、規制の全面改定ではなく「バーゼル2.1」とでも呼べるような微調整になるとの見方を示した。,1
米製造業の株価が下落、米経済成長への懸念で,2008/04/18,複数の米複合製造業大手の幹部は17日、経済成長の鈍化が事業に悪影響を及ぼしている兆候がみられるとし、2008年見通しを調整した。これを受けて、ユナイテッドテクノロジーズ(UTX.N)、テキストロン(TXT.N)、ダナハー(DHR.N)などの株が売られた。これら3社はすべて、市場予想を上回る増益決算を発表している。自動二輪大手ハーレーダビッドソン(HOG.N)は、08年利益見通しを前年比15─20％減と従来予想から下方修正したほか、数百人規模の人員削減計画を明らかにし、米消費セクターの低迷を裏付けた。ユナイテッドテクノロジーズは、米国内外の成長鈍化に直面し、費用削減の方法について検討していることを明らかにした。また、長引く米住宅市場の低迷のほか、同社事業に占める割合の高い商業建築セクターでも需要後退の兆しがみられると指摘した。業界団体Manufacturers Alliance/MAPIの事業見通し指数は57と、12月の64から低下し、成長の鈍化が予想されていることが示された。,1
米国産牛肉の輸入規制緩和で合意、正式発表へ＝韓国農林省,2008/04/18,韓国農林省は18日、米国産牛肉の輸入規制緩和で合意したことを明らかにした。農林省の報道官は「現在詳細を調整中で午後6時（日本時間同）に正式発表する」と述べた。米国産牛肉輸入問題で正式合意すれば、北米自由貿易協定（NAFTA）以来の大型協定である米韓自由貿易協定（FTA）批准の障害が取り除かれることになる。,1
8地域で景気判断下方修正、企業収益伸び悩み＝日銀地域経済報告,2008/04/18,日銀は18日、各支店からの景気報告をとりまとめた「地域経済報告（さくらリポート）」を発表した。9地域のうち8地域で景気判断を下方修正した。足もとの景気については「エネルギー原材料価格高の影響などから、全体として減速している」と総括。前回報告（1月）の「全体として緩やかな拡大基調にある」から判断を引き下げた。総括判断の下方修正は2期連続。全国的に企業収益の伸び悩みや設備投資の増勢鈍化など、これまで景気を支えてきた企業部門に弱い動きが広がっている。＜北海道以外は下方修正＞地域別では、全9地域のうち北海道を除く8地域が生産や設備投資など企業部門を中心にやや弱めの動きが見られることを理由に、判断を下方修正。8地域同時の下方修正は、2005年4月の調査開始以来初めて。ただ、各地域をみてみると、減速しつつも緩やかな「拡大基調にある」とする東海、近畿から、「やや弱めの動きが続いている」とする北海道まで、依然として地域差がみられる。鮫島正大大阪支店長は近畿圏の景気判断を下方修正した背景について「原材料高や円高により企業収益にかげりが見られることが主な理由。中小企業は業況が悪化方向にあり、08年度設備投資計画も手控え姿勢が見られる。賃金面でも賞与について抑制的であり、前回より景気が減速していると判断した」と述べた。＜新興国向け輸出は好調、設備投資は鈍化＞企業部門はこれまで輸出好調が基点となって景気拡大をけん引してきたが、今回もさくらレポートでは引き続き輸出については全体として増加傾向と判断。鮫島大阪支店長は「米国向けは徐々に減少しているが、新興国からの需要は今のところ好調。米経済の減速が今後、新興国にどう影響してくるか、よくみていきたい」と指摘。総括判断引き下げの理由のひとつとなった設備投資についてさくらレポートでは「企業収益が足もと伸び悩んでいることなどを背景に、高水準ながら増勢が鈍化しているとの報告が目立った」と指摘。前回報告と比較すると、北陸、関東甲信越、東海、近畿、四国が判断をやや下方修正した。近畿では「設備投資は、これまで数年にわたり増加してきており、昨年度は17％もの増加となったため、今年度は業種を問わず増勢は鈍化してくる可能性はある」（大阪支店長）と反動減の要素もあるとしたほか、「中小企業については収益を見て判断してくる傾向があり、足元は少し鈍ってきている」と報告。,1
米大統領、住宅都市開発長官にプレストン中小企業庁長官を指名,2008/04/19,ブッシュ米大統領は18日、住宅都市開発省（HUD）次期長官に、スティーブプレストン中小企業庁長官を指名した。就任には上院の承認が必要。ジャクソン現HUD長官は、家族と過ごす時間を増やしたいとして辞任する意向を示していた。同長官は、在任中に問題を起こしており、HUDの住宅市場の問題への対応を困難にしている可能性があるとし、議会から辞任を求める声が高まっていた。,1
オバマクリントン両候補、相手がネガティブキャンペーンを展開と非難,2008/04/21,米大統領選の民主党候補指名争いは、注目されているペンシルベニア州での予備選を2日後に控え、バラクオバマ、ヒラリークリントン両上院議員が州内で選挙運動を展開した。クリントン候補は、かつて自身に最も批判的だったうちの1人とされる地方紙の発行人から支持を獲得した。民主党の予備選は6週間ぶりで、同党の候補指名争いで大きな試金石となる。同州での世論調査ではクリントン氏がリードしているが、オバマ氏は最近になり、以前許していた2ケタ台のリードを大幅に縮めている。両候補とも積極的に選挙運動を行う一方、双方とも相手がネガティブキャンペーンを展開しているとして非難し合っている。同州レディングでの選挙集会でオバマ氏は、「ワシントンの政界により長くいて、ゲームの仕方をよく知っているから彼女を選ぶのか」と問いかけ、自身は共通の基盤を模索する、クリントン氏とは違うタイプの候補であると強調した。一方、ベスレヘムでの集会でクリントン氏は、先週のフィラデルフィアでの討論会以降、ネガティブキャンペーンを展開しているのはオバマ氏だと指摘。「ここ数日、対立候補のキャンペーンが非常にネガティブな内容になっていることにはまったく驚かない。私たちの間には見ての通り、大きな相違があると思うからだ。これは指導力の選択だ。私にはあなた方が頼ることができる指導力がある」と述べた。クリントン氏は夫である前大統領のビルクリントン氏と共にホワイトハウスに入った1993年、不正融資疑惑などで保守勢力による一連の調査の対象になったが、当時、調査の大半を資金面で支援したピッツバーグトリビューンレビュー紙の発行人が20日、クリントン氏への支持を表明した。,1
EPAの交渉再開で一致、北朝鮮問題解決に緊密連携＝日韓首脳会談,2008/04/21,福田康夫首相と韓国の李明博（イミョンバク）大統領は21日午前、首相官邸で会談した。会談後の共同会見で両首脳は、日韓経済連携協定（EPA）の交渉再開や拉致（らち）問題を含めた北朝鮮問題に対する緊密連携などで一致したと語った。 今年後半には、福田首相が韓国を訪問する。福田首相は会見で、日韓の経済関係が一層緊密となることが重要とし、そのためには「日韓EPAが重要な役割を果たすことで（李大統領と）一致した」と語った。今後、両国間で実務協議を行い、EPA推進に向けた交渉を再開する。また、北朝鮮問題を「日韓最大の共通課題」（福田首相）と位置づけ、北朝鮮の核問題解決に向けて日韓の2国間および米国を加えた3国間で緊密に連携していくことで一致。福田首相は、日朝関係に関して「拉致、核、ミサイルという諸懸案を包括的に解決し、不幸な過去を清算、国交正常化を実現する」との立場を説明。李大統領は日本への理解と支持を表明した。,1
米財務省、外国資本による米企業投資に関する新基準案を発表,2008/04/22,米財務省は21日、外国資本による米企業投資について、投資を歓迎する一方で米国の安全保障を確保するこを目指す新基準案を発表した。従来、海外企業が米企業に出資する場合、10％以下であれば対米外国投資委員会（CFIUS）による審査が自動的に免除されていたが、新基準ではこれが適用されなくなる。米国では、2006年にドバイの国営企業が米国の主要港湾の管理権を取得しようとしたことから、翌年に海外投資国家安全保障法案が可決されたが、この新基準案により、施行されることになる。同法案は、外国資本が米企業の経営権を取得するような取引の見直しを求めているが、財務省の新基準では、出資比率や取締役の人数ではなく、たとえ行使しなくとも「事業に対し影響を与える重要事項に対し一定の力を行使できる能力」が審査の対象になる。,1
米大統領選の民主党候補指名争い、ペンシルベニア州はクリントン氏が勝利,2008/04/23,米大統領選挙の民主党候補指名争いは22日、大票田のペンシルベニア州で予備選が行われ、正念場を迎えたクリントン上院議員が激戦を制し、オバマ上院議員に勝利した。これによりクリントン氏は今後の逆転に望みをつなぎ、民主党の候補指名争いはさらに長期化する見通しとなった。開票率75％強の段階で、クリントン氏の得票率は54％でオバマ氏は46％。獲得代議員数でリードするオバマ氏との差を縮めるため大差での勝利を目指していたクリントン氏にとって大きな勝利ではあるが、オバマ氏の優位を覆すに十分とは言えないようだ。クリントン氏は当地で支持者を前に「一部の人々は私を見限り、撤退しろと言うが、米国の国民は投げ出しておらず、彼らには、やはり投げ出したりしない大統領がふさわしい」と述べ、勝利宣言した。出口調査によると、オバマ氏は黒人票10票のうち9票を押さえ、また若年層と男性の支持でクリントン氏にリードした。クリントン氏は高齢者層の60％以上の支持を集めたほか、女性は半分以上が同候補に投票した。ペンシルベニア州で選ばれる代議員数は158人。終盤戦に入った両候補の対決は、5月6日に行われるノースカロライナ州とインディアナ州の予備選に焦点が移る。,1
米政府、北朝鮮のシリアへの核拡散疑惑めぐり秘密公聴会,2008/04/23,複数の米議会筋によると、ブッシュ政権は24日、北朝鮮のシリアへの核拡散疑惑について、上下両院の外交、軍事、情報特別委員会を対象に秘密公聴会を行う計画。米政府は、昨年9月6日、イスラエルがシリア国内に謎の空爆を行って以来、この問題について公にはほとんど発言していない。米メディアは、この攻撃の標的が北朝鮮と協力して建設された可能性のある核施設だったと報じていた。この件については、昨年少数の議員に対して説明が行われたが、今回説明対象が大幅に拡大する決定が下されたのは、北朝鮮による核プログラムの申告合意が近づいていることを受けたものとみられている。申告が実現すれば、米国は、北朝鮮のテロ支援国家指定およびテロ支援国との貿易に関する法律に伴う規制を緩和するとみられている。ある議会関係者とブッシュ政権の元北朝鮮専門家は、今回の公聴会はこうした規制の緩和が正当であることを議員に納得させることが目的、との考えを示した。ホワイトハウスおよび国家情報長官室の報道官は、コメントを拒否した。,1
米国、北朝鮮がシリアの核開発を支援したと確信,2008/04/25,米国は、北朝鮮のシリアへの核開発協力疑惑をめぐり、昨年イスラエルがシリアの原子炉とみられる施設を空爆する前後にわたり、北朝鮮が、秘密の核プログラムに関しシリアに支援を行ったとの結論を下した。24日記者団に公開された米情報当局の報告書類で明らかになった。報告は「われわれは、さまざまな情報に基づき、北朝鮮が、原子炉の空爆前および空爆後にシリアの秘密核プログラムを支援したと確信している」としている。また、米政府高官は、シリアの原子炉とみられる施設への対応について、米国とイスラエルが協議していたことを明らかにし、イスラエルが施設を独自で破壊することを決めたと述べた。,1
領土問題平和条約締結、前進に意欲＝ロシア訪問で福田首相,2008/04/25,福田康夫首相は25日午前、同日からのロシア訪問を前に記者団に対し、日露首脳会談などに向けて「領土問題解決、平和条約締結という大きな課題がある。しっかり協議し、一歩でも前進したい」と意欲を語った。26日午後にプーチン大統領、メドベージェフ次期大統領とそれぞれ会談し、27日に帰国する予定。福田首相は首脳会談などで「大きな課題についてお互いに協力すべき時期。そのためには両国首脳が忌憚（きたん）のない意見を言える関係を築かなければいけない」とし、7月の北海道洞爺湖サミットを控えて「特に気候変動については、ロシアは日本の考え方を理解してくれると思う。より深く協議したい」と期待感を示した。北方領土問題では「（解決のために）どの内閣も努力してきた。力強く交渉していきたい」と語った。,1
駐米シリア大使、「北朝鮮がシリアの原子炉建設支援」との米国の主張を一蹴,2008/04/25,駐米シリア大使は24日、北朝鮮がシリアによる極秘の原子炉建設を支援したとする米国の主張は「幻想」にすぎない、と一蹴した。イマドムスタファ大使は、CNNとのインタビューで「それは幻想であり、この国（米国）の政府は過去にも、他の国が大量破壊兵器を製造したとの話をでっちあげた前歴がある。すべての人に真実が明らかにされるよう期待する」と述べた。また「これは、ブッシュ政権にとって2度目の大恥となろう。彼らはイラクの大量破壊兵器について嘘をつき、今回も嘘が通ると考えている」と語った。米国は24日、北朝鮮が原子炉と疑われる施設の建設でシリアを支援したことを示す情報当局の報告書を提示した。同施設は、昨年のイスラエルの空爆で破壊されている。,1
山口補選で勝てば租特法改正案再可決に反対する世論の勝利＝民主幹事長,2008/04/25,民主党の鳩山由紀夫幹事長は25日の定例会見で、27日投開票の衆院山口2区補欠選挙について「結果が国政に与える影響は極めて大きい」との認識をあらためて示し、選挙結果にかかわらず租税特別措置法改正案の衆院再可決を目指す政府与党の動きを批判した。鳩山幹事長は、民主党候補が当選した場合は「税制関連法案の中のガソリン税など暫定税率を復活させるなという声が勝利した部分もある。決して再議決などするべきではないという世論が勝ったと考えるべき」と指摘。その上で「（再可決の）暴挙に打って出るときには、厳しく問うていかなければならないことは言うまでもない。その一つの手段として（福田康夫首相の）問責（決議案）を提出することも当然視野には入れなければならない」と語った。ただ「出すか出さないかは大変高度な判断が必要」とも付け加えた。山口補選は福田内閣発足後初の国政選挙。29日以降にはガソリン税にかかる暫定税率を与党が衆院で再議決し復活させる環境が整うことから、与野党とも、今後の福田内閣の政権運営を左右する選挙と位置づけ総力戦で臨んできた。,1
税払い戻しに焦点、第2の経済対策は支持せず＝米財務長官,2008/04/29,ポールソン米財務長官は28日、経済対策の一環としての税の払い戻しを迅速に実施することに焦点をあてているとし、第2の対策には関心がないとの立場を示した。長官はFOXビジネスネットワークで「（経済対策は）年内に状況を変えることを主眼としている」と指摘。迅速な払い戻しが状況を変えることに疑いはないと述べた。1520億ドルの景気対策で年内に50万人の雇用が創出される可能性があるとの認識を示し、民主党の一部が求めている第2の経済対策については「支持しない」と述べた。現在の払い戻しがこれまで以上に拡大すれば、政府予算のバランスをとるのが難しくなる可能性があると話した。,1
米FRB、銀行の預金準備への利子支払いについて30日に協議,2008/04/29,米連邦準備理事会（FRB）は、30日に非公開の会合を開き、銀行の預金準備に利子を支払うことについて協議する。FRBが28日にウェブサイト上で明らかにした。FRBは市場の流動性がひっ迫している問題に対処するためさまざまな選択肢を検討しており、銀行の預金準備に対する利子の支払いもこの1つ。ただ、準備預金に対する利払いを実際に実施するためには議会の承認が必要で、議論を行うことが必ずしも実施につながるわけではない。議会は06年、FRBに対し、2011年から銀行の預金準備に利子を支払う権限を与えている。FRBは当時、そうした措置をとった場合の影響について調査するよう担当者に指示した。FRB当局者によると、その報告書が完成し、連邦公開市場委員会（FOMC）の際に提出される。,1
日銀金融政策決定会合始まる、展望リポートで金融政策は柔軟対応に転換へ,2008/04/30,日銀の金融政策決定会合が始まった。政策金利は先行き不透明感が強いことから現行水準で据え置く見通し。今回は半年に一度の「経済物価の展望」（展望リポート）について議論し、今後2年間の景気見通しのメインシナリオを前回までの拡大基調から、潜在成長率並みの緩やかな成長経路をたどるとの見方に変更するとみられる。リスク要因として、世界経済の下ぶれ懸念や金融市場の不安定な状況が、国内経済に影響するリスクが高まっていることを指摘、さらに、世界的な資源高による企業収益悪化や、身の回り品価格の上昇に伴う家計への悪影響も下ぶれリスクにあげる見通し。半年前の展望リポートに比べて、リスクシナリオのウエートが高まっているとの認識をにじませるとみられる。ただ、先行きは世界経済の不透明感が晴れれば、景気は回復に向かう可能性がある。また、資源高によるコスト上昇を価格転嫁する動きが強まり、賃金への波及も進めば、世界各国同様に日本でもインフレ懸念が強まる可能性が否定できないことから、上ぶれリスクへの言及も残す見通し。こうした見通しをもとに、金融政策に関しては、従来の金利正常化路線一辺倒の表現を改める可能性が高い。当面は中立的なスタンスをとりながら市場の動向を注視し、状況に応じて上下両方向への対応が可能な柔軟な政策方針を示すとみられる。,1
現行の金融政策維持、全員一致で決定＝日銀決定会合,2008/04/30,日銀は30日の金融政策決定会合で、現行の金融政策維持を全員一致で決定した。当面の金融市場調節方針は「無担保コールレート（オーバーナイト物）を、0.5％前後で推移するよう促す」とした。今回の会合は、副総裁1人と審議委員1人が欠けた7人で開催された。日銀は午後3時に「経済物価情勢の展望」（展望リポート）を公表、午後3時30分から白川方明総裁が記者会見する。今回の会合の議事要旨は6月18日に公表される。,1
ウォール街の落ち込みは米経済より深刻、回復には長期間必要,2008/04/30,米投資家の間で、米経済はさらに悪化しても年末にかけて回復に向かう見込みだが、ウォール街が体力を回復するにはさらに長い時間がかかるとの見方が広がっている。ビバリーヒルズで開かれたミルケンインスティチュートグローバルコンファレンスで、複数の投資家がこのような見方を示した。ヘッジファンドのシタデルインベストメントグループのチーフエグゼクティ、ケングリフィン氏は「ウォール街は大恐慌だが、メインストリートはその限りではない」と発言。同氏をはじめとする主要投資家によると、ウォール街の金融機関が信用住宅危機を克服するには数年かかるとみられている。かつてUBSUBSN.VXに属し現在は自ら投資会社モーリスアンドカンパニーを率いるケンモーリス氏は「ウォール街が立ち直り活気を取り戻すには数年かかるだろう。長い道のりだ」と述べた。著名投資家でヘッジファンドのアポロアドバイザーズの創設者であるレオンブラック氏は、銀行システムは昨年夏以来「壊れて」おり、「過去30年で経験したことのない」信用危機を生み出した、と述べた。一方で同氏は、米経済全体が深刻なリセッションに陥ることはないと主張。ピッツバーグなど一部地域は、鉄などの商品価格の高騰により好況を呈していると指摘した。ラザードアセットマネジメントグループのチャックワード会長とペレラワインバーグパートナーズのパートナー、ピーターワインバーグ氏も、米経済の低迷は短期間で収束するとみている。ワインバーグ氏は、今年大幅に下落した株式市場はまもなく回復するとの見方を示した。,1
FOMC声明文言修正、緩和局面は条件付きで停止か,2008/05/1,米連邦準備理事会（FRB）は、30日の連邦公開市場委員会（FOMC）終了後に発表した声明の文言を調整したが、市場では、金融緩和局面の条件付き停止を示唆したものと受け止められている。FRBは2003年の利下げ局面停止の際にも声明の文言を修正している。2日間の日程で開催された今回のFOMCは、フェデラルファンド（FF）金利の誘導目標を0.25％ポイント引き下げ2.00％とすることを決定した。FRBは経済活動が弱いことは認めたが、同時に昨年9月以来の累計利下げ幅が3.25％ポイントだったことを強調した。FRBはさらにこの日の声明で「成長への下振れリスクは引き続き存在する（downside risks to growth remain）」の文言を削除し、明確な追加利下げシグナルを取り下げた。この文言は、累計125ベーシスポイント（ｂｐ）の利下げを実施した1月30日と3月18日のFOMCの声明には盛り込まれていた。75ｂｐの緊急利下げが実施された1月22日の声明では「成長に対するはっきりとした下振れリスクは引き続き存在する（appreciable downside risks to growth remain）」と、より踏み込んだ文言だった。FRBは、30日のFOMC声明主文の最後の部分について「必要に応じ行動する（will act as needed）」という文言を復活させ、1月以来言及していた「タイムリーに行動する（act in a timely manner）」という、より直接的な文言を調整した。この「タイムリーに行動する」との文言は、住宅市場の問題が実体経済に与える影響が拡大しないように緊急利下げに動くことを市場に示唆したものだ。実際にFRBは1月22日に緊急利下げを実施した。,1
オバマ氏の支持率が低下、恩師の発言など影響＝米世論調査,2008/05/1,ニューヨークタイムズ／CBSニュースがまとめた世論調査によると、米大統領選で民主党の指名を争うバラクオバマ上院議員は、民主党有権者の間で支持率が低下しており、ヒラリークリントン上院議員との差が縮まっている。ペンシルベニア州予備選での敗北や、師事していた牧師による発言が背景とみられる。オバマ氏が指名を勝ち取ると予想したのは民主党有権者の51％で、1カ月前の69％から18％ポイント低下した。また調査によると、民主党有権者の48％が、オバマ氏のほうがクリントン氏よりも、共和党指名を確定したマケイン上院議員に勝利する可能性が高いと回答した。これも1カ月前の56％から低下した。オバマ氏は、自分の通っていた教会の牧師だったジェレミアライト師による人種に関するコメントをめぐって、強い口調で非難している。世論調査はこれより前の、4月25日から29日に実施された。タイムズ紙／CBSの別の世論調査によると、民主党の有権者のおよそ70％は、指名争いは党大会までに決着しない、と考えている。,1
日本経済は減速続けるが、明確な後退に陥らず＝日銀展望リポート全文,2008/05/1,日銀は1日公表した「経済物価情勢の展望」（展望リポート）の全文で、日本経済について「2008年度上期にかけて減速を続けつつも、明確な後退には陥らず、その後潜在成長率並みの緩やかな成長経路をたどっていく」との見解を示した。前日公表した同リポートの基本的見解でも同様の見方を示したが、「明確な後退には陥らず」の文言が挿入され、緩やかな成長シナリオがより強調された格好となっている。＜明確な景気後退には陥らない＞リポートでは、景気が明確な後退に陥らない理由について、1）海外経済の高めの成長、2）緩和的な金融環境、3）在庫設備雇用面における調整圧力の小ささ──などを指摘。一方で「2009年度までの見通し期間中に、潜在成長率を明確に上回るモメンタムも取り戻せない」とし、その理由として、1）設備投資が過去数年間にわたる増加の結果、循環的にみて伸びにくい局面に入ってきている、2）海外経済の成長ペースが2007年までに比べれば緩やかになる、3）その下で国際商品市況は高水準で推移し、企業収益の圧迫要因として作用し続ける、4）その結果、企業から家計への所得波及も緩やかなものにとどまる可能性が高い──などを挙げた。＜輸出は日本経済を支え続ける＞日本経済をけん引してきた輸出については「世界経済の減速や円高の影響が現れる2008年度上期を中心に、増勢が幾分緩やかになるとみられるが、増加傾向自体は維持されていく」との見方を示した。交易条件の悪化による海外への所得流出はあるが「一次産品価格の上昇と表裏をなしつつ増大したグローバル需要を、日本経済は実質貿易（純輸出）や利子配当等（海外からの所得の純受取）の形でしっかりと取り込んでおり、対外取引全体でみた所得はむしろいく分増加している」として「こうした交易利得と実質貿易収支を交換し合う好循環は、過去数年間、日本に限らず、世界的な規模でおおむね実現されており、これが国際商品市況の上昇と世界経済の高成長をこれまで両立させてきた基本構造であったと考えることができる」と解説。「先行きもこのような形で世界経済の拡大が続くのであれば、日本の輸出は、幅広い地域に向けて増加基調を維持し、成長のエンジンとして日本経済を支え続ける」との見通しを示した。もっとも基本的見解と同様に、国際金融資本市場や世界経済をめぐるリスクについても言及した。＜09年度には企業収益の増加基調は回復＞,1
米財務長官FRB議長が仏政府高官と会談、ドル安や米経済めぐり協議,2008/05/2,フィヨン仏首相は2日、ラガルド経済財務雇用相、バルニエ農業相とともに、ポールソン米財務長官、バーナンキ連邦準備理事会（FRB）議長と会談する。ドル安および米経済を中心に協議するとみられる。在米フランス大使館の予定によると、フィヨン首相は1日に米国に到着し、2日の午前中に米企業主要幹部との会合に出席する。その後在米フランス大使官邸での記者会見後、バーナンキ議長との昼食会に入る。米財務長官との会談は米東部時間午後2時15分（日本時間3日午前3時15分）となっている。ラガルド経済相と米財務長官の会合は過去3週間で2回目となる。欧州輸出業者に対するドル安の影響をめぐりフランスの懸念が高まっていることが背景にある。財務省は声明を発表し、今回の会合は、世界および地域の経済金融動向、マネーロンダリング対策といった一連の問題について協議する2国間の通常の取り組みの一環とした。,1
米大統領、途上国向けに7.7億ドルの食糧支援予算承認を議会に要請,2008/05/2,ブッシュ米大統領は1日、食品価格の高騰により社会不安が拡大している発展途上国向けに7億7000万ドルの食糧支援を行う用意があるとして、議会に追加予算の承認を求めた。大統領は、世界的な食糧危機の深刻化により最貧国などで社会不安が強まっていることに懸念を表明し、米国がこの問題の解決で先頭に立つという明確なメッセージを送ると述べた。米国は世界最大の食糧支援国だが、小麦など基礎穀物に加え、燃料価格の急騰により米国の食糧支援予算が目減りしているため、大統領は予算の増額を訴えた。大統領は議会に対し2009会計年度の補正予算編成を要請した会見の席で「食糧支援の増額が必要なため、議会に対し7億7000万ドルの追加予算の編成を要請する」と述べた。,1
オバマクリントン両上院議員、対中為替法案への支持を表明,2008/05/2,米大統領選で民主党候補指名を争うバラクオバマ上院議員（イリノイ州）は1日、米上院の対中為替法案を支持する姿勢を表明した。指名を争っているヒラリークリントン上院議員（ニューヨーク州）は前日、法案の共同提案者として署名したばかり。オバマ候補は声明で「ブッシュ政権は中国の通貨操作に対し行動することに失敗した」と指摘。「これは受け入れ難く、中国が引き続き同国の製品を、補助金を受けているのと同様に不正確に評価することを許容するものだ」と述べた。,1
米大統領選挙民主党ノースカロライナ州予備選、オバマ氏が勝利＝メディア予想,2008/05/7,米メディアの予想によると、6日行われた大統領選挙の民主党ノースカロライナ州予備選は、オバマ上院議員がクリントン上院議員に勝利した。,1
米大統領選挙民主党インディアナ州予備選、クリントン氏が勝利＝CBS予想,2008/05/7,米CBSテレビの予想によると、6日行われた米大統領選挙の民主党インディアナ州予備選は、クリントン上院議員がオバマ上院議員に勝利した。,1
民主党予備選、ノースカロライナとインディアナでオバマ氏とクリントン氏が一勝ずつ,2008/05/7,米メディアの予想によると、6日行われた米大統領選挙の民主党予備選は、オバマ上院議員がノースカロライナ州で勝利、クリントン上院議員がインディアナ州で勝利した。一勝ずつと決着がつかず、指名争いはさらに長引くことになった。オバマ氏は労働者層に関する失言や、師と仰いできたジェレマイアライト牧師による人種をめぐる発言などを背景に失速が伝えられてきたが、今回の勝利で態勢を立て直した。クリントン氏も指名獲得へ期待をつなぎ、決着は13日のウエストバージニア州に持ち越された。ノースカロライナ州とインディアナ州の代議員は合計187人。8月の党大会までに残された予備選はあと6州、代議員数は217人。代議員獲得数（推計）ではオバマ氏がクリントン氏を大きく上回っており、今回の予備選の結果でもオバマ氏の優位は揺らいでいない。ただ、予備選がすべて終了しても、どちらの候補も指名獲得に必要な数の代議員は獲得できず、最終的な勝利の行方は特別代議員の決断に委ねられることになる。,1
米大統領選の民主党予備選は一勝一敗、オバマ氏が指名獲得に一歩前進,2008/05/7,米メディアの予想によると、6日行われた米大統領選挙の民主党予備選は、オバマ上院議員がノースカロライナ州で勝利、クリントン上院議員がインディアナ州で勝利した。一勝ずつと決着がつかず、指名争いはさらに長引くことになった。米CBSニュースは、クリントン氏がインディアナ州の予備選で勝利したもようだと伝えた。クリントン氏は指名獲得へ期待をつなぎ、決着は翌週のウェストバージニア州に持ち越された。インディアナ州は大接戦となり、CBSの予想発表から3時間が経過した後も、他の主要テレビ局は勝者を伝えていなかったが、ようやくMSNBCもクリントン候補の勝利を伝えた。99％が開票された段階での得票率は、クリントン氏が51％、オバマ氏が49％。オバマ氏は労働者層に関する失言や、師と仰いできたジェレマイアライト牧師による人種をめぐる発言などを背景に失速が伝えられてきたが、ノースカロライナ州ではクリントン氏を圧倒した。オバマ氏はノースカロナイナ州ローリーで支援者に対し、「分裂の政治や、相も変わらずの中傷攻撃を克服することが可能であることが示された」と述べた。一方、クリントン氏はインディアナポリスで、「ホワイトハウスに向け、疾走する」と話した。,1
東シナ海ガス田開発問題で大きな進展、解決にめど＝日中首脳会談,2008/05/7,福田康夫首相と胡錦濤中国国家主席は7日、会談終了後に共同記者会見に臨み、懸案の東シナ海ガス田開発問題で大きな進展があったことを明らかにした。福田首相は「長年の懸案に解決のめどがたった」とし、胡主席も「問題解決が見えてきた」と表明。両首脳は今後細目を詰めてできるだけ早期に合意することで一致したことを明らかにした。また、福田首相は、気候変動問題で2013年以降の新たな枠組み（ポスト京都議定書）づくりに積極的に参加していく方針を日中共同声明に盛り込んだことや、分野別アプローチに対し中国から前向きな評価が得られたことを会談の成果としてあげ、「有意義な会談が出来た」と述べた。これに対して胡主席は「率直で友好な雰囲気のなかで、率直に深く意見交換を行い、幅広いコンセンサスを得た」と述べ、「中日関係は新しい歴史のスタート時点にたっている」と関係改善を評価した。中国のチベット自治区での騒乱問題では、チベット仏教最高指導者ダライラマ14世側の特使と中国政府の対話が実現し「引き続き双方が接触を行うこと」と「接触が積極的な成果を上げることを望んでいる」と説明。福田首相は8月の北京オリンピックの成功に向けた協力を約束したほか、開会式出席について「まだ先のこと」としながらも、「前向きに検討する」ことを明らかにした。両首脳は会見で友好関係を強調。会談では「戦略的互恵関係」の推進を確認し、双方が日中関係にとどまらず、アジア太平洋地域や世界の平和と安定、発展のために貢献していくことで一致した。これらを今後の日中関係の方向性の指針となる「日中共同声明」に盛り込んだ。東シナ海資源開発問題など懸案事項に進展があったことも明らかになったが、最終決着までは至らず早期決着を確認した。中国の国家主席の来日は1998年11月の江沢民国家主席（当時）以来、約10年ぶり。胡錦濤国家主席の訪日は10日までの5日間で、2003年に同氏が国家主席就任以来、公式訪問としては最長。またチベット騒乱後初めての外国訪問となる。（ロイター日本語ニュース吉川裕子記者）,1
福田首相が辞任の意向を表明,2008/09/1,福田康夫首相は1日夜、記者会見し、辞任を表明した。福田首相は、前週末に辞任の決断をしたことを明らかにするとともに、今が政治空白を作らない一番よい時期と判断したと述べた。,1
福田首相が辞任表明、政治空白を作らない最善のタイミングと判断,2008/09/1,福田康夫首相は1日、首相官邸で緊急記者会見し、辞任を表明した。ねじれ国会で政策が実現できないことを退陣の理由と説明し、安倍晋三前首相に続く「政権投げ出し」に、記者会見場はしばし騒然とした。福田首相は会見の冒頭から、衆参ねじれ国会の中で困難を承知で政権を引き継いだが、最初から政治資金、年金記録問題など「積年の問題が顕在化し処理に忙殺された」と弁明。道路特定財源の一般財源化や消費者庁設置など「だれも手を付けなかった国民目線の改革に着手し一定の方向性を出した」と述べ、前週末には総合経済対策を取りまとめたが、臨時国会で対策を実施するための補正予算案や消費者庁設置法案など「国民生活に一刻の猶予もできない重要な案件を審議する」局面を前に、辞任を表明した。辞任を決断した理由について福田首相は「先の国会では、民主党が重要な案件の対応に応じず、国会の駆け引きで審議引き延ばしや審議拒否を行い、その結果決めるべきことがなかなか決まらない事態が生じた。今度開かれる国会で、このようなことは決してあってはならない。そのためにも態勢を整えたうえで、国会に臨むべきと考えた」と述べ、「新しい布陣のもと、政策の実現を図らなければならないと判断し、辞任を決断した」と語った。自身の手で政策を仕上げることが首相としての責任ではないか、首相の辞任そのことが政治空白になるのではないかなどの質問には「私が続けていくのと、新しい人がやるのでは間違いなく違うと考えた結果だ。政治的に判断した」と釈明。臨時国会が始まる今が「政治空白を作らない一番良い時期と判断した」と述べたが、安倍前首相に続く唐突な辞任表明が政治不信につながるとの重ねての質問には「安倍前首相とは全く違う。健康問題はない」と突っぱねた。（ロイター日本語ニュース吉川裕子記者）,1
福田首相が「政権投げ出し」、ささやかれる麻生幹事長への禅譲,2008/09/2,福田康夫首相は1日、首相官邸で緊急記者会見し、辞任を表明した。ねじれ国会で政策が実現できないことを退陣の理由と説明し、安倍晋三前首相に続く「政権投げ出し」に日本の政治に対する信認が大きく揺らぐことは避けられない。「バラマキ」ではないと強調した総合経済対策の決定からわずか3日、景気対策優先を掲げる麻生太郎幹事長への禅譲がささやかれる中、財政健全化路線は後退を余儀なくされている。福田首相は会見の冒頭から、衆参ねじれ国会の中で困難を承知で政権を引き継いだが、最初から政治資金、年金記録問題など「積年の問題が顕在化し処理に忙殺された」と弁明。道路特定財源の一般財源化や消費者庁設置など「だれも手を付けなかった国民目線の改革に着手し一定の方向性を出した」と述べ、前週末には総合経済対策を取りまとめたが、臨時国会で対策を実施するための補正予算案や消費者庁設置法案など「国民生活に一刻の猶予もできない重要な案件を審議する」局面を前に、辞任を表明した。辞任を決断した理由について福田首相は「先の国会では、民主党が重要な案件の対応に応じず、国会の駆け引きで審議引き延ばしや審議拒否を行い、その結果決めるべきことがなかなか決まらない事態が生じた。今度開かれる国会で、このようなことは決してあってはならない。そのためにも態勢を整えた上で、国会に臨むべきと考えた」と述べ、「新しい布陣の下、政策の実現を図らなければならないと判断し、辞任を決断した」と語った。福田首相は新体制について言及を避けたものの、政府与党内では国民的な人気が高い麻生幹事長への禅譲が今回の辞任表明の裏にあるとみる声が浮上している。今後、自民党総裁選を経て新総裁の下で首相指名選挙が行われ、新政権が誕生することになるが、市場では、麻生政権が誕生した場合、小泉政権から受け継がれてきた財政健全化路線の後退を余儀なくされるとの指摘が多い。麻生幹事長は就任直後から景気対策を優先順位の筆頭に掲げ、幹事長就任直後の報道各社とのインタビューにおいて政府が掲げる2011年度の基礎的財政収支（プライマリーバランス）の黒字化目標の先送りに言及。2─3％の名目成長率が2─3年続いた上であらためて目標に掲げるべきとの考えを示している。,1
福田首相の辞任表明受け自民は新総裁選出へ,2008/09/2,福田康夫首相の辞任表明を受けて、自民党は直ちに後継総裁の選出手続きに入る。安倍晋三首相（当時）が辞任表明した際は、2007年9月12日に辞任表明後、14日自民党総裁選告示、16日に自民党総裁候補所見発表演説、23日に福田康夫氏を自民党総裁選出。25日に福田康夫氏が衆参両院で首相指名を受け、26日に福田内閣発足と、辞任表明後2週間で新内閣発足となった。,1
福田首相が辞任表明、麻生幹事長の総裁昇格期待の声,2008/09/2,福田康夫首相は1日、首相官邸で緊急記者会見し、ねじれ国会で政策が実現できないことを退陣の理由と説明し「新しい布陣の下、政策の実現を図らなければならないと判断し、辞任を決断した」と語った。与党内では景気対策優先を掲げる麻生太郎幹事長の新総裁への昇格を期待する声が浮上している一方、構造改革路線の後退を懸念する見方がマーケットには出ており、小泉潤一郎内閣以来、自民公明の連立政権が堅持してきた財政健全化路線は岐路を迎えた。福田首相は会見の冒頭から、衆参ねじれ国会の中で困難を承知で政権を引き継いだが、最初から政治資金、年金記録問題など「積年の問題が顕在化し処理に忙殺された」と辞任表明にいたる心境を述べた。道路特定財源の一般財源化や消費者庁設置など「だれも手を付けなかった国民目線の改革に着手し一定の方向性を出した」と述べ、前週末には総合経済対策を取りまとめたが、臨時国会で対策を実施するための補正予算案や消費者庁設置法案など「国民生活に一刻の猶予もできない重要な案件を審議する」局面を前に、辞任を表明した。安倍晋三前首相に続く自民党総裁の任期途中での政権幕引きとなった。辞任を決断した理由について福田首相は「先の国会では、民主党が重要な案件の対応に応じず、国会の駆け引きで審議引き延ばしや審議拒否を行い、その結果決めるべきことがなかなか決まらない事態が生じた。今度開かれる国会で、このようなことは決してあってはならない。そのためにも態勢を整えた上で、国会に臨むべきと考えた」と述べ、「新しい布陣の下、政策の実現を図らなければならないと判断し、辞任を決断した」と語った。福田首相は新体制について言及を避けたものの、複数の与党筋によると、政府与党内では国民的な人気が高い麻生幹事長へ政権が移ることを期待する声が高まっているという。麻生幹事長は2日未明、自民党総裁選に出るかとの質問に対し「適任かな、と思わないわけでない」と述べ、立候補の意欲を示した。今後は、自民党の新総裁の選出手続きに焦点が移る。安倍晋三前首相が辞任表明した昨年9月12日から、自民党総裁選を経て福田首相が国会で新首相が指名されるまで約2週間がかかった。,1
対ロシア関係見直しの可能性、現時点で制裁なし＝EU声明草案,2008/09/2,欧州連合（EU）緊急首脳会議の声明草案によると、EUは、ロシアがグルジア紛争に関する和平原則を順守しなければ、対ロシア関係を見直す可能性があるとの見解を示す見通し。草案はロシアによる南オセチア自治州とアブハジア共和国の独立承認を強く非難。ただ、ロシアに対する制裁には言及していない。ロイターが入手した同草案は、対ロシア関係の見直しは「様々な分野におけるEUロシアの将来的関係をめぐる継続的協議に関する決定につながる可能性がある」としている。,1
EUロシア協定交渉、ロ軍撤退完了まで延期＝首脳会議,2008/09/2,欧州連合（EU）首脳は1日、ロシア軍がグルジア紛争前の配置に撤退するまで、今月15日に予定されていたEUロシアの新パートナーシップ協定の交渉を延期する方針で合意した。バローゾ欧州委員長はEU緊急首脳会議後記者団に対し、グルジア紛争を踏まえ「何事もなかったかのように（協議を）続けることができないのは明らかだ」と述べた。協議の日程については、ロシア軍の動向次第とした。委員長はまた、サルコジ仏大統領が8日、他のEU首脳と共にモスクワを訪れ、和平6原則が順守されているかを確認する予定と述べた。,1
「グスタフ」で一部製油所閉鎖、製油能力の12％＝米エネルギー省,2008/09/2,米エネルギー省が1日発表したリポートによると、ハリケーン「グスタフ」の上陸に伴い、メキシコ湾岸の米石油精製施設は12カ所が操業を一時停止、10カ所が操業体制を縮小している。操業を一時停止している12施設の製油能力は合計で日量約215万7000バレルで、全米の製油能力の12％超、メキシコ湾岸全体の約36％に当たる。操業体制を縮小している10施設の製油能力は合計で日量331万3000バレル。リポートには、エクソンモービルのバトンルージュ製油所（製油能力日量50万3000バレル）は含まれていない。エクソンモービルは、暴風雨に関連した停電で同製油所の操業を停止していると確認した。,1
北朝鮮、寧辺にある核施設の回復に向けた作業を開始＝報道,2008/09/3,米フォックスニュース電子版は2日、米政府関係筋の話として、北朝鮮が米国との取り決めを破り、寧辺にある核施設の回復に向けた作業を開始したと報じた。報道によると、北朝鮮による今回の動きは、米国がテロ支援国家指定解除を先送りしたことに対する抗議とみられている。北朝鮮は前月26日、米国が合意に違反したとして、核施設の無能化作業を中止すると発表していた。一方、米政府は前週、無能化の中断は大きな後退であり、テロ支援国家の指定解除前に、核施設の無能化を完了させなければならないとあらためて北朝鮮側に求めていた。,1
ペイリン米副大統領候補が共和党大会で演説,2008/09/4,米共和党のペイリン副大統領候補は3日、共和党大会で演説、コミュニティのまとめ役を通じて地歩を築いてきた民主党のオバマ大統領候補と、コミュニティの長としてキャリアを積み上げてきた自身との違いを強調した。演説原稿でペイリン氏は、「アラスカ州知事となる前は、故郷の街の市長だった。民主党の候補はこの経歴を見くびっているようだ」と指摘。その上で「小さな街の市長はコミュニティのまとめ役のようなものだが、実際には責任が伴うという点が違う」と述べた。マケイン大統領候補はABCテレビでのインタビューで、ペイリン氏の副大統領としての資質を擁護。「経験と才能がある。導く方法を知っておりアラスカ州民から認められた。最も大事なことは、アメリカ国民は変革を求めており、ワシントンの政界からの人物を望んでいない」と述べた。,1
米共和党、マケイン氏を大統領候補に正式指名,2008/09/4,米共和党は3日、ジョンマケイン上院議員を同党の大統領候補に正式に指名した。マケイン氏は1982 年に下院議員に初当選。ベトナム戦争の英雄で、5年半もの間、捕虜生活を送った経験を持つ。議会では概ね保守主義、自由貿易主義、妊娠中絶禁止のスタンスを採っているものの、党派にとらわれない政治活動を展開することから、しばしば「一匹狼」と形容される。米国民の間でイラク戦争に対する厭戦ムードが漂う中、首尾一貫してイラク戦争支持を表明している。,1
ペイリン副大統領候補が共和党大会で演説、オバマ氏を攻撃,2008/09/4,米ミネソタ州セントポールで開催中の共和党党大会で3日、副大統領候補に指名されたアラスカ州のサラペイリン知事が演説した。激しい内容のスピーチで、小さな町の出身であることを売り込み、民主党の大統領候補バラクオバマ氏を厳しく非難した。ペイリン知事が「ワシントンのエリートグループのメンバーでないと、一部のメディアからはそれだけの理由で候補者としての資質に欠けるとみなされる」と集まった人々に語りかけると、「サラ、サラ」の大合唱が起こった。ペイリン知事はオバマ氏の誠実さに疑問を投げかけ、大げさな演説を好む傾向を皮肉交じりに攻撃した。また「この大統領選挙であなた方のために本当に戦ったとこのある人はひとりだけです」とベトナム戦争で捕虜となった経験のあるマケイン氏を示唆して語った。共和党大統領候補のジョンマケイン上院議員は、36分間に及んだペイリン知事のスピーチの最後にステージに登場。ペイリン知事とその家族に加わり「次の副大統領選びで正しい選択をしたと思いませんか」と聴衆に問いかけた。一方、オバマ陣営からは、ペイリン知事の演説はとてもよい出来だったとしながらも、8年間のブッシュ政権で聞き慣れたものだったとの声が聞かれた。,1
米副大統領がグルジア訪問、ロシアを非難,2008/09/5,チェイニー米副大統領は4日、初のグルジア訪問で同国のサーカシビリ大統領と会談し、グルジア紛争でのロシアの行動は正当化できないとの認識を示した。ロシアは、米国がサーカシビリ大統領をけしかけて事態を悪化させていると反発している。副大統領は「グルジアが（2003年の）『バラ革命』によって自由を勝ち取って以後、米国はこの若い民主国家を支援する立場にある。今回も、グルジアに対する領土侵犯と、武力によりグルジアの領土を変更しようとする正当化しがたい一方的な行動に立ち向かうグルジアを支援する。（ロシアの）このような行動は、自由世界が一致して非難している」と語った。ロシアのラブロフ外相は、チェイニー副大統領のグルジア訪問にさほど注目していないと述べた。,1
米政府、ファニーメイとフレディマックを救済へ＝下院委員長,2008/09/7,米下院金融サービス委員会のフランク委員長（共和党）は6日、米政府が連邦住宅抵当金庫（ファニーメイ）FNM.Nと連邦住宅貸付抵当公社（フレディマック）FRE.Nを国の傘下に収める計画だと明らかにした。7日に正式発表される可能性があるという。同委員長は、ロイターに対し「すべての株主が不利な扱いを受けることになるだろう」と述べた。また「政府が新たな経営者となる見込みだ」と述べ、現最高経営責任者（CEO）らが解任されるとの見通しをほのめかした。フランク委員長は5日に、両社の救済策についてポールソン財務長官と協議していた。,1
米政府、ファニーメイとフレディマックを政府管理下に,2008/09/8,米政府は7日、政府系住宅金融機関（GSE）の連邦住宅抵当金庫（ファニーメイ）FNM.Nと連邦住宅貸付抵当公社（フレディマック）FRE.Nを政府の管理下に置くと発表した。悪化する米住宅市場支援と国際金融市場の混乱回避のため、かつてない規模の支援に乗り出す形となった。ポールソン財務長官はこの日の記者会見で「米国の経済や市場は、住宅市場の調整が終わるまで回復することはできない」と指摘。両社は米住宅ローン残高12兆ドルの半分近くを保有または保証しており、どちらかが破たんすれば、国内ばかりか世界中の金融市場に大きな混乱を引き起こすと述べた。両社は政府管理下に置かれるが、株式は引き続き取引可能。ただ、普通株の株主はまず損失を被る下位の立場におかれることになる。両社は経営の安定し財務内容が改善するまで連邦住宅金融局（FHFA）の管理下に置かれる。ブッシュ米大統領は、両社の問題は金融システムと米経済にとって受け入れ難いリスクとなっており、今回の措置は必要だったとのコメントを発表した。＜政府が株主に＞,1
マケインオバマ両氏、GSEの政府管理は必要な措置と表明,2008/09/8,マケイン共和党大統領候補、オバマ民主党大統領候補の両氏は7日、米政府が政府系住宅金融機関（GSE）のファニーメイFNM.NとフレディマックFRE.Nを管理下に置くと発表したことについて、必要な措置との考えを表明した。マケイン氏の経済顧問によれば、同氏は、政府の対応策を支持したうえで、最終的には民営化を望んでいる。同顧問は「長期的な改革は、ファニーメイとフレディマックの規模を縮小するもので、そうなれば両社の規模が脅威になることはなくなる。その後で民営化させ、納税者の負担がまったく発生しないようにすべき」と述べた。一方オバマ候補は、ファニーメイとフレディマックの政府支援策は、経済の強化や、苦境にある住宅所有者の支援に焦点を当てるべきで、決してロビイストや特定の利益団体のためであってはならない、と述べた。,1
北朝鮮の金総書記、8月に倒れる─韓国大使館筋＝朝鮮日報,2008/09/9,韓国の全国紙、朝鮮日報は9日、在北京の韓国大使館当局者の話として、北朝鮮の金正日総書記が8月22日に倒れたと伝えた。アナリストらは金総書記が9日開催される建国60周年記念の行事に姿を現すかどうかに注目している。,1
北朝鮮の金総書記、8月に倒れる─韓国大使館筋＝朝鮮日報,2008/09/9,韓国の全国紙、朝鮮日報は9日、在北京の韓国大使館当局者の話として、北朝鮮の最高指導者である金正日労働党総書記が8月22日に倒れたと伝えた。アナリストらは金総書記が9日開催される建国60周年記念の行事に姿を現すかどうかに注目している。金総書記は66歳。太り過ぎで糖尿病と心臓病の持病を抱えているとされ、韓国ではたびたび健康悪化説が流れているが、実際の健康状態に関しては北朝鮮のトップシークレットとなっている。同紙によると、韓国大使館当局者は「金正日国防委員長が8月22日に倒れた」と述べた。同紙は先週には、中国の医師5人が北朝鮮高官を治療するため8月下旬に平壌を訪問したと伝えていた。9日の報道に関する韓国情報機関の確認はこれまでのところ得られていない。,1
北朝鮮の金総書記、8月22日に倒れる─韓国大使館筋＝朝鮮日報,2008/09/9,韓国の全国紙、朝鮮日報は9日、在北京の韓国大使館当局者の話として、北朝鮮の最高指導者である金正日労働党総書記が8月22日に倒れたと伝えた。アナリストらは金総書記が9日開催される建国60周年記念の行事に姿を現すかどうかに注目している。金総書記は66歳。太り過ぎで糖尿病と心臓病の持病を抱えているとされ、韓国ではたびたび健康悪化説が流れているが、実際の健康状態に関しては北朝鮮のトップシークレットとなっている。同紙によると、韓国大使館当局者は「金正日国防委員長が8月22日に倒れた」と述べた。同紙は先週には、中国の医師5人が北朝鮮高官を治療するため8月下旬に平壌を訪問したと伝えていた。9日の報道に関する韓国情報機関の確認はこれまでのところ得られていない。,1
米大統領、イラク駐留米軍を8000人縮小する方針発表へ,2008/09/9,ブッシュ米大統領は、9日に行う国防大学での演説で、来年2月までにイラクの駐留米軍を8000人削減する方針を明らかにする。ホワイトハウスが8日に演説内容を公表した。大統領は、イラクの治安改善を受けて駐留部隊を帰国させ、代わりにここ2年あまりでイスラム教過激派の攻撃が激化しているアフガニスタンにより多くの部隊を派遣する方針を明らかにする。演説は「イラクの敵は依然危険な存在だが、われわれは攻撃を食い止めている。またイラク軍も戦闘能力を高めている。（イラク駐留多国籍軍の）ペトレアス司令官と米軍幹部たちは、この状態が続けば、来年前半に追加撤退が可能になると考えている」としている。8000人の削減でイラク駐留米軍の規模は13万8000人となる。これは、2007年に大統領が指示した増派以前の規模を依然上回っている。,1
米大統領選、共和党スターのペイリン氏がオバマ氏への攻撃を主導,2008/09/9,サラペイリン共和党副大統領候補は、共和党党大会の参加者のなかで一番のスターだった。その最大の標的は民主党大統領候補のバラクオバマ氏に定められていた。アラスカ州知事のペイリン氏は、マケイン候補のために4日間開催された共和党党大会で話題をさらった。その一方で、オバマ氏は現実に疎いリベラルで、ベトナム戦争でハノイの捕虜収容所を経験したマケイン氏とは比較にならないというメインテーマを伝える完璧なメッセンジャーを務めた。イリノイ州選出で上院議員1期目のオバマ氏に対するペイリン氏の皮肉たっぷりの攻撃を含んだ演説は、共和党支持者から賛同を得て、米国内では3700万人以上が視聴した。もっとも、民主党党大会でのオバマ氏の演説の視聴者数にはわずかに及ばなかった。2000年にアルゴア氏を、2004年にはジョンケリー氏を痛烈に批判した過去2度の共和党大会で繰り返されたメッセージは、ブッシュ大統領を2度ホワイトハウスに送りこんだ。共和党ニューハンプシャー州支部のファーガスカレン支部長は「ペイリン氏のオバマ氏をあざけるような論調は適切だった。この選挙は今、オバマ氏が焦点。彼が大統領としてふさわしいかどうかが問題だ」と話した。ペイリン氏が攻撃を担ったことで、4日の大統領候補指名受諾スピーチで、マケイン氏はオバマ氏に寛容な姿勢を示すことが出来た。また、保守派からの支持は、ブッシュ大統領と距離を置き、改革派として信用がおけることを売り込み、自身が所属する政党にも挑む意志があることも見せることが出来た。マケイン氏は「私は政党のためには働かない。特定の利益のためにも、自分自身のためにも働かない。私はあなた方のために働く」と語りかけた。＜攻撃の先頭に立つペイリン氏＞,1
石原元政調会長が自民総裁選に出馬表明、「国民と政治にずれ」,2008/09/9,石原伸晃元自民政調会長は9日午後、自民党本部で記者会見し、総裁選への立候補を正式に表明。厳しい経済状況の中で政治は政局に明け暮れ、国民とのあいだに大きなずれが生じていると指摘した。また、国民の関心がある政策の立案と実現に取り組まなければならないと語った。推薦人とともに会見に臨んだ石原氏は、「心の通った改革路線の続投」を掲げ、総裁選の立候補に当たって「一点の私心もない」ことを強調した。その上で、「国民はこの経済状況、リストラ、低賃金、原油価格高騰による物価上昇の中で本当に頑張っている」と述べる一方、「政治はこの1年間、政局に明け暮れ、日銀総裁を3週間にわたって空席にさせてしまった」と政治の停滞を批判。「国民と政治に大きなずれができてしまった」と指摘し、「これを埋め、国民の関心がある政策を自民党が立案し、実現しなければならないと考えた」と立候補の理由を説明した。具体的な経済財政政策については、「ばらまき的に赤字国債を発行して需要をつくり出すことには反対だ」と述べ、政府が掲げている2011年度の基礎的財政収支（プライマリーバランス）黒字化は「堅持していくべき」と指摘。増大する社会保障費の安定財源確保に向けた消費税率引き上げに関しては「医療、介護、年金で国民が望む高度な水準を満たすには、消費税の増税も将来的には入ってくる」としながらも、「今の経済情勢を考えると、消費税を増税することは絶対にできない」と将来的な課題と位置づけた。その間の財源については、行財政改革による無駄の削減とともに「特別会計の中には、準備金の積立金がかなりあり、それを使うことも可能」と、いわゆる「霞ヶ関埋蔵金」の活用も選択肢との認識を示した。,1
北朝鮮の金正日総書記、卒中の可能性＝米情報筋,2008/09/10,北朝鮮の金正日総書記は、過去数週間の間に卒中を患った可能性がある。米国の情報当局者が9日、明らかにした。当局者は匿名を条件に「（総書記に）健康上の問題が起きたもようで、卒中を患った可能性がある」と語った。これまでのところ政権に変化の徴候はないが、総書記が引き続き統治可能かについては、憶測するしかないと述べた。北朝鮮は9日、建国60周年を記念して軍事パレードを実施したが、金総書記の姿は見られなかった。総書記は66才で、慢性疾患を抱えているとされる。朝鮮日報は、北京の韓国外交筋の話として、総書記が8月に倒れたと報じた。総書記が卒中を患った可能性があるとの報道について、米ホワイトハウスのペリノ報道官は「情報は何もない」と述べた。,1
次期米大統領、世界はオバマ氏を希望＝調査,2008/09/11,米民主党のバラクオバマ大統領候補は、米国内での大統領選の世論調査では、ライバルで共和党のジョンマケイン候補からリードを奪うのに苦労しているかもしれない。だが、世界の人々はオバマ氏の当選を望んでいることが英BBCの調査で10日、明らかになった。調査に参加した22カ国のすべてが調査時点では、マケイン候補よりもオバマ候補を大統領として選び、そのうち17カ国では、オバマ候補が大統領になった場合、米国と世界との関係が改善するとみている。調査を実施したのは、国際調査機関のグローブスキャン社で、アジアからアフリカ、欧州まで世界で2万2000人以上の人が参加した。オバマ候補を選んだ人はインドの9％からケニアの82％まで幅があったが、22カ国の平均では、オバマ候補が49％だったのに対してマケイン候補は12％にとどまった。同社のダグミラー会長は「世界中の多くの人々が明らかにオバマ候補を好ましく思っている。現在の米国のネガティブなイメージを考えれば、マケイン候補が政権に就いた場合、現在のブッシュ政権と世界との関係を改善できると答えたのが、5人に1人だったことが印象的だ」と指摘した。米国内では、4日に終了した共和党党大会以降、3つの世論調査を実施。1つは、マケイン候補が誤差の範囲である1─4％ポイントリードしているとしたが、ほかの2つは接戦だったことが示された。2004年にBBCとグローブスキャンが実施した今回と同様の調査では、35カ国中30カ国が現職のブッシュ大統領ではなく、民主党のジョンケリー候補を選んでいた。,1
米ホワイトハウス、OPECの実質減産に不満表明,2008/09/11,米ホワイトハウスのスタンゼル報道官は10日、石油輸出国機構（OPEC）が予想に反し日量約50万バレルの実質減産を決定したことについて、市場にはより多くの原油が必要だと不満を表明した。同報道官は「市場への供給を減らすのではなく、増やすべきだ」と述べた上で、「最近は下落しているものの、エネルギー価格は依然として高止まりの状態にある」と指摘した。加盟国の一部からは、価格高騰による需要減退の影響で過剰供給を懸念する声も上がっていたが、生産目標は据え置かれると予想されていた。,1
米リーマンが資産運用部門売却で厳しい掛け引きに直面,2008/09/11,米証券大手リーマンブラザーズホールディングスLEH.Nは、苦悩の末に資産運用部門の過半数株の売却を決断したが、今後は売却に向けて厳しい掛け引きに直面することが見込まれる。リーマンが信用危機による評価損を相殺するための増資に困難をきたすなか、一部の銀行関係者は、資産運用事業ニューバーガーバーマンなど主要資産の過半数株売却計画は、同社が厳しい状況に陥っているサインである、との見方を示した。金融サービスに特化した買収の助言を行うフリーマンの最高経営責任者（CEO）、エリックウェバー氏は「ニューバーガーバーマンは関係者が興味を持つであろう一流資産で、売り手は資本が必要な疲弊した企業。これは関心だけでなく、ちゃんと機会を伴った取引だ」とし、「関係者は血のにおいを嗅ぎ取っている」と述べた。リーマンが10日、予定より1週間前倒しで発表した第3四半期決算は39億3000万ドルの赤字となった。同社はさらに、資産運用部門の株式約55％を含む一部資産の売却計画を発表した。同部門にはニューバーガーやプライベートエクイティ事業、富裕層対象の資産運用事業などが含まれる。専門家は同部門全体の価値を約80億ドルと推定する。リーマンは「多くの潜在的なパートナーと交渉を進めている」としており、ディックファルド最高経営責任者（CEO）は資産運用部門について複数の戦略的投資家に話を持ち掛けた、と述べた。複数の関係者によると、投資会社のコールバーグクラビスロバーツ（KKR）[KKR.UL]やヘルマン&フリードマン、ベインキャピタルなどが交渉で先行している。ある関係者は、入札は12日に実施されるだろう、とし、リーマンは10月の売却発表を望んでいる、と述べた。,1
米リーマン、身売りに向けて複数と交渉中＝関係筋,2008/09/12,関係筋によると、米リーマンブラザーズホールディングスLEH.Nは身売りに向け複数と交渉している。関係筋は、複数の銀行がリーマンの財務データを検討していると述べたが、具体的な買い手の候補については明らかにしなかった。米ウォールストリートジャーナル（WSJ）は、バンクオブアメリカ（バンカメ）(BAC.N)がリーマン買収に向けて交渉している、と報じた。ただ一方で、買収の見通しは確定的ではない、ともしている。,1
米政府、リーマン売却で調整中＝WP紙,2008/09/12,売却は今週末に完了し、15日のアジア市場の取引開始前に発表される見通し。,1
米ゴールドマン、20億ドルの評価損計上の可能性＝ドイツ銀,2008/09/12,またキーフブリュイエットアンドウッズ（KBW）のアナリストも、ゴールドマンの第3四半期利益見通しを引き下げている。11日の米国株式市場ではゴールドマンは0.36％安で引けた。KBWのアナリスト、ローレンスミス氏とジョエルジェフリー氏は「ゴールドマンの株式トレーディング事業は、この何年間で最悪の業績となる可能性がある」とし、取引量減少、商品価格の下落、デリバティブのボラティリティ上昇、ヘッジファンド不振を指摘した。スミス氏とジェフリー氏は第3四半期の1株あたり利益（EPS）見通しを2.17ドルから1.40ドルに引き下げ、2008年度EPS見通しを14.35ドルから13.57ドルに引き下げた。,1
米リーマンが破産申請の可能性、メリルはバンカメが買収へ,2008/09/15,米金融セクターは14日、投資銀行大手リーマンブラザーズホールディングスLEH.Nの破産法適用申請見通しや大手銀バンクオブアメリカ(BAC.N)によるメリルリンチMER.N買収の見通し、保険大手アメリカンインターナショナルグループ（AIG）(AIG.N)の資産売却見通しといった前例をみない規模の激震に見舞われた。この日の展開は、住宅市場のバブル崩壊と信用危機が13カ月目を迎える中、ウォール街や米政府が選別的救済の必要性を認識した可能性を示唆している。経営危機に直面する米リーマンの救済策をめぐる週末の官民協議は、3日目となる14日、リーマンの不動産関連資産など不良資産を除いた残りを買収する最有力候補とみられていた英銀大手バークレイズ(BARC.L)が交渉から撤退した。これをきっかけにリーマンが破産法の適用を申請するとの見方が強まり、デリバティブ（金融派生商品）市場は14日、ディーラーがリーマンに対するエクスポージャーを減らせるよう緊急に市場を開いた。国際スワップデリバティブ協会（ISDA）は声明で、ニューヨーク時間（米東部時間）の午後2時（日本時間15日午前3時）から2時間、デリバティブ市場を開くことを明らかにした。市場筋によると、その後2時間延長されたが、引け後もリーマンへのエクスポージャーを縮小する動きが続いている。取引されているのは、クレジット、株式、金利、外為、商品のデリバティブ。市場筋によると、休日の特別取引は連邦準備理事会（FRB）の要請により始まった。リーマンが破産申請した場合のリスクを減らすことが目的。声明によると、「取引は、ニューヨーク時間の14日午後11時59分（日本時間15日午後零時59分）までのリーマン破産申請を条件とする。もし申請がなかった場合は、取引はなかったものとする」としている。米債券運用会社PIMCOのビルグロース氏は、取引は「かなり少なくおそらく総額10億ドル程度だろう。しかし社債のスプレッドはかなり拡大した」と述べた。,1
米リーマンHD、連邦破産法第11条の適用を申請,2008/09/15,リーマンのブローカーディーラー子会社、およびその他の子会社は、この対象には含まれない、としている。また、すべてのブローカーディーラー子会社が営業を継続するという。資産運用子会社ニューバーガーバーマンを含む各部門の顧客は、保有口座で取引を継続できる見通し。口座については、これ以外の措置を講じる可能性もあるという。リーマンは、ブローカーディーラー事業の売却を模索している、とした。また、資産運用事業の売却に向けた努力を続ける計画という。リーマン取締役会は、資産の保護と価値の最大化を目的に、破産法第11条の適用申請を承認した、と述べた。,1
金融庁がリーマンブラザーズ日本法人に資産の国内保有命令,2008/09/16,金融庁は15日、米リーマンブラザーズホールディングスLEH.Nが連邦破産法第11条の適用を申請したことを受けて、日本法人のリーマンブラザーズ証券に対し、資産の国内保有命令と業務改善命令を出したと発表した。米国の親会社の経営破たんによって、日本の投資家や顧客の利益が害される事態が生じない措置を講じる必要があると判断した。日本法人の資産が海外の関連会社に流出するのを防ぐほか、日本の証券会社として投資家保護を徹底するよう命じた。資産の国内保有命令は、金商法56条の3に基づく。金融庁は、リーマン日本法人の海外向けの債務を除く資産を日本国内に置いて保有するよう命じた。また、業務改善命令は、金商法51条の規定に基づき発動。法令違反がない場合でも、投資家保護のために必要と判断すれば発動される改善命令で、金融庁はリーマンに対し、1）投資家の資産の正確な把握、2）顧客資産の保全、3）投資家保護に万全の措置、4）投資家の資産の保全についての周知徹底――の措置を命じた。,1
リーマン破綻は邦銀にも影響、あおぞら銀486億円の債権保有,2008/09/16,米リーマンブラザーズホールディングスLEH.Nの破たんは邦銀など国内金融機関にも影響を与えそうだ。リーマンが15日、裁判所に提出した大口債権者のリストには、日本の主要金融機関として、債権残高4億6300万ドル（約486億円）を保有するあおぞら銀行のほか、みずほコーポレート銀行、新生銀行などの名前が列挙されていた。ただ、担保などで保全されている可能性もあり、どの程度の損失になるのかは現時点では明らかになっていない。リーマンのリストによると、7月2日時点で債権を保有する日本の金融機関は全部で8機関で、債権総額は16億7000万ドル（1753億円）となった。最大のエクスポージャーとなったあおぞら銀行(8304.T)は、銀行ローンとして4億6300万ドル保有していることが分かった。次がみずほコーポーレート銀行の3億8200万ドル（約400億円）。そのほか新生銀行(8303.T)の2億3100万ドル（242億円）、旧UFJ銀行（現三菱東京UFJ銀行）の1億8500万ドル（194億円）、三井住友銀行の1億7700万ドル（185億円）と続く。リストの中で最も債権残高が大きかったのは、米シティグループ(C.N)とバンクオブニューヨークメロン(BK.N)で、両社合わせて1380億ドルとなった。5月31日時点のリーマンの資産総額は6390億ドル。これに対する負債総額は6130億ドルで、少なくとも表面上は資産超過になっている。 日本の金融機関はそれぞれリーマンのエクスポージャーの精査に入っている。担保で保全されている部分もあると見られ、影響がどの程度に膨らむかは不透明だ。あおぞら銀のリチャードレイトンCFOはロイターの取材に対して、リーマンへのネットのエクスポージャーについて、かなりの部分を担保やヘッジでカバーしていると説明。リーマンの文書に記された4億6300万ドルよりも大幅に少なくなるだろうと述べた。（ロイターニュースネイサンレイン記者布施太郎記者）,1
リーマン破たんによる金融市場への影響軽減に尽力＝米大統領,2008/09/16,ブッシュ米大統領は15日、政府がリーマンブラザーズLEH.N破たんに伴う金融市場への影響を軽減することに尽力していると述べた。その上で、資本市場が底堅いと楽観的な見方も示した。大統領は記者団に対し「混乱を軽減し、これら金融市場動向による経済全般への影響を最小限に抑えるよう取り組んでいる」と語った。「短期的には金融市場の調整は痛みを伴うものとなるだろう。長期的には、米資本市場が柔軟で底堅く、これらの調整に対処できると自信を持っている」と述べた。,1
金融庁がリーマン日本法人に業務停止命令、支払い不能のおそれで,2008/09/16,金融庁は15日夜、米リーマンブラザーズホールディングスLEH.Nが連邦破産法の適用を申請したのを受けて、日本法人のリーマンブラザーズ証券（リーマン日本法人）に対し、業務停止命令を出したと発表した。15日から26日までの12日間、すでに結んだ契約の履行や顧客の預かり資産の返還などを除く業務の停止を命じた。リーマン日本法人に命じた報告の結果、親会社の経営破たんによって長期的に支払い不能に陥る恐れがあるとの回答を受けたため。金融庁は同日夕、リーマンの経営破たんで、日本の投資家の利益が害される事態が生じない措置を講じる必要があると判断し、リーマン日本法人に資産の国内保有命令と業務改善命令を出した。さらに金融庁は同日夜までに日本法人に命じた報告で、同社の支払い不能のおそれがあることを確認し、業務停止命令に踏み切った。リーマン日本法人に対する業務停止命令は26日までとしているが、金融庁は引き続き、支払い不能のおそれがあると認められた場合には、業務停止の期間を延長することも検討する見通し。資産の国内保有命令は、米親会社の経営破たんで日本法人の資産が海外の関連会社などに流出するのを防ぐため、リーマン日本法人の海外向けの債務を除く資産を日本国内に置いて保有するよう命じた。また、業務改善命令は、金商法51条の規定に基づき発動。法令違反がない場合でも、投資家保護のために必要と判断すれば発動される改善命令で、金融庁はリーマン日本法人に対し、1）投資家の資産の正確な把握、2）顧客資産の保全、3）投資家保護に万全の措置、4）投資家の資産保全の周知徹底――の措置を命じた。（ロイター日本語ニュース村井令二記者）,1
米大統領、リーマン破たん受け16日に金融市場作業部会と会合,2008/09/16,米ホワイトハウスは15日、リーマンブラザーズLEH.N破たんによる金融市場への影響が懸念されるなか、ブッシュ大統領が16日に大統領直属の金融市場作業部会メンバーと会合を持つと発表した。大統領は、会合で市場に関する状況報告を受けた後、声明を発表するという。作業部会にはバーナンキ連邦準備理事会（FRB）議長、ポールソン財務長官、証券取引委員会（SEC）のコックス委員長などが含まれる。,1
リーマン日本法人の負債総額は約3兆円、戦後2番目の大型破たん,2008/09/16,東京商工リサーチによると、経営破たんした米リーマンブラザーズホールディングスLEH.Nの日本法人、リーマンブラザーズ証券（東京都港区）は16日、東京地裁に民事再生法の適用を申請した。負債総額は約3兆円となり、戦後2番目の大型破たんとなった。帝国データバンクによると、負債総額は約3兆4000億円。関連会社のリーマンブラザーズホールディングス（同）も同時に民再法を申請、負債総額は約5000億円になる。戦後最大の破たんは、2000年10月の協栄生命保険で、負債総額は約4兆5000億円だった。（ロイター日本語ニュース布施太郎記者）,1
マケイン氏、大統領に就任すれば金融業界の規制改革に直ちに着手の方針,2008/09/16,米大統領選の共和党候補であるマケイン上院議員は、大統領に選ばれた場合、就任後100日以内に米金融業界の規制改革に取り組む方針。マケイン陣営の経済顧問、カーリーフィオリーナ氏が15日、明らかにした。フィオリーナ氏によると、マケイン候補は、一段の透明性を確保するため、規制当局のネットワークを統合し、権限を拡大することを検討している。フィオリーナ氏は「現在はさまざまな規制当局があちこちにある状態で、全体像がつかみにくくなっている。マケイン氏は、規制当局を統合整備し、米金融業界の透明性を高めるためにこれら当局の権限と責任を拡大する意向だ」と述べた。マケイン氏が就任後3カ月以内にそれを実施するかとの質問に、フィオリーナ氏は「その通りだ」と答えた。,1
リーマン破たん、米金融部門で最大4万人のレイオフも＝NY州知事,2008/09/16,米ニューヨーク州のデービッドパターソン知事は15日、リーマンブラザーズLEH.Nが破産法適用を申請したことなどを受けて、最悪の場合、米金融部門で4万人がレイオフされる可能性があるとの見方を示した。記者会見で述べた。知事は、バンクオブアメリカ(BAC.N)のメリルリンチ買収と保険のアメリカンインターナショナルグループ（AIG）(AIG.N)の問題にも言及。金融部門の混乱がどの程度の影響をもたらすかは、何カ月あるいは何年経っても、わからない可能性があると述べた。知事は、AIGの資金繰りを支援するため、同社がグループ内で200億ドルの資金を融通することを許可したが、納税者をリスクにさらすことはないとし、救済策はAIGの資金を保険子会社から親会社に移すことを柱としていると述べた。知事は、金融部門の混乱について、クレジット市場の透明性が欠如していることにより生じたものであり、多くの取引は監督当局による「精査が不可能」だと述べた。,1
リーマン日本法人が民再法申請、戦後2番目の大型破たん,2008/09/16,帝国データバンクによると、経営破たんした米リーマンブラザーズホールディングスLEH.Nの日本法人、リーマンブラザーズ証券（東京都港区）は16日、東京地裁に民事再生法の適用を申請した。負債総額は約3兆4000億円となり、戦後2番目の大型破たんとなった。帝国データによると、関連会社のリーマンブラザーズホールディングス（同）も同時に民再法を申請。負債総額は約5000億円で、両社合わせて4兆円の規模に達する。戦後最大の破たんは、2000年10月の協栄生命保険で、負債総額は約4兆5000億円だった。2008年3月期の営業収入は1220億1400万円、当期利益は124億2600万円。3月末時点の負債総額は有価証券担保借入金の約5兆円を中心に約6兆4032億円だったが、信用不安で借入金が減少したとみられる。申請を受け、裁判所からは保全命令が出されており、資産の流出を防ぐ。日本法人に対しては15日、金融庁が資産の国内保有命令を出しているが、資産の確保を確実にする。（ロイター日本語ニュース布施太郎記者）,1
英バークレイズ、米リーマンの北米投資銀行など買収で合意と発表,2008/09/17,また、ニューヨークの本社および2カ所のデータセンターを現在推定時価である15億ドルに近い金額で取得する。声明によると、バークレイズがリーマンの資産に対して支払う総額は約17億5000万ドルで、取得する業務の従業員数は約1万人。資産取得合意は9月24日までに完了しなければ破棄される可能性があるという。バークレイズはまた、同行の株主との協議が少なくとも10億ドルの増資引き受けにつながると予想している。,1
英バークレイズ、米リーマンの一部資産を約1850億円で取得へ,2008/09/17,英銀大手バークレイズ(BARC.L)は、経営破たんした米リーマンブラザーズホールディングスLEH.Pの北米投資銀行資本市場業務、ニューヨークの本社および2カ所のデータセンターを約17億5000万ドルで買収することで合意した。16日深夜に発表された声明によると、バークレイズはリーマンのトレーディング資産（現在推定価値720億ドル）とトレーディング債務（同680億ドル）を現金2億5000万ドル（1億4000万ポンド）で取得する。この中には北米の債券株式営業、トレーディング、調査、投資銀行業務が含まれる。また、ニューヨークのマンハッタンにある本社およびニュージャージー州の2カ所のデータセンターを現在推定時価である15億ドル（8億ポンド）に近い金額で取得する。声明によると、取得する業務の従業員数は約1万人で、バークレイズキャピタルに統合される。資産取得合意はニューヨークの破産裁判所の承認を得る必要があり、9月24日までに完了しなければ破棄される可能性があるという。バークレイズはまた、一部株主が今回の合意に対する支持の一環として同行への出資拡大に興味を示しており、取締役会は株主との協議が少なくとも10億ドルの増資引き受けにつながると予想していることを明らかにした。資産取得合意にはニューバーガーバーマンなどのリーマンの資産運用部門は含まれない。,1
米AIGへの融資決定、FRBの一貫性に疑問符も,2008/09/17,米リーマンブラザーズの支援要請には応じなかった米連邦準備理事会（FRB）が、アメリカンインターナショナルグループ（AIG）に850億ドルの融資を行うと表明したことで、FRBの姿勢の一貫性に疑問を呈する声も出ている。 また融資を求める企業がこれから多数出てくる可能性が高まった、との指摘も聞かれる。経営難に陥った企業を破たんさせるのか、規模が大きく影響が甚大との理由で救うのか。その判断基準をめぐって、議論を呼びそうだ。FRBがこの春ごろから実施した金融セクターに対する支援額は、ベアースターンズ救済関連で290億ドル、米連邦住宅抵当金庫（ファニーメイ）と米連邦住宅貸付抵当公社（フレディマック）にそれぞれ1000億ドル、米連邦住宅局（FHA）に最大3000億ドル、そして今回のAIGへの850億ドル。その他の救済策や融資を含めると、納税者の負担総額は9000億ドルを上回るとみられる。ニューヨーク大学スターンスクールオブビジネスのノウリエルロウビニ教授は「FRBはリーマンには断固とした対応をとるふりをしながら、2日後には別の企業を救済している。損失を社会全体で負担するシステムが続いている」と指摘。自動車メーカーや航空会社など、経営難の企業が今後支援を求めてくることは確実と述べた。AIGが破たんすれば世界中の多数の企業に損害が及ぶほか、62兆ドルのクレジットデフォルトスワップ（CDS）市場が混乱に陥る恐れがあるため、政府が「ノー」と言うのは確かに難しかった。市場ではAIG救済を求める声が強く、16日の米国株式市場では、政府による救済のうわさを材料に、AIGの株価は乱高下した。ただロウビニ教授は、政府が企業に簡単に融資すればリスクの高い行動を助長すると指摘。その代わりに政府は、住宅ローンを買い取って融資条件を改定し、債務者が返済できるようにするべきと述べた。,1
支持率でオバマ氏がマケイン氏を2ポイントリード,2008/09/18,17日発表されたロイター／ゾグビー調査によると、米大統領選の民主党候補のオバマ上院議員の支持率が共和党のマケイン候補を2ポイント上回った。オバマ氏の支持率は47％、マケイン氏は45％で、その差は誤差の3.1ポイント以内。8月の調査ではマケイン氏の支持率がオバマ氏を5％上回っていた。今回の調査は9月11日─13日に実施。これまでに民主、共和両党はそれぞれ党大会を開催、副大統領候補を選出した。マケイン氏が副大統領候補にサラペイリンアラスカ州知事を選んだことについて、ゾグビー社のジョンゾグビー氏は、オバマ氏に対する民主党の支持率上昇にも寄与したと指摘。「ここ数週間はペイリン氏に関する話題ばかりだった。同氏の選出はオバマ、マケイン両氏の基盤強化につながった」と述べた。オバマ氏に対する民主党の支持率は、8月時点の74％から89％に上昇。一方マケイン氏に対する共和党の支持率は、8月時点の81％から89％に上昇した。今回の調査では、ペイリン氏の選出について、約3分の1がマケイン氏支持の可能性が高まったと回答。これに対して約4分の1がマケイン氏支持の可能性が低下したと答えた。影響はないとしたのは約43％だった。オバマ氏が副大統領候補にバイデン上院議員を選んだことについては、約23％がこれによってオバマ氏支持の可能性が高まったと回答。これに対して16％がオバマ氏支持の可能性が低下したと答えた。調査ではまた、回答者の約半数が、最大の争点は経済問題だと答えた。どちらの候補者の経済政策が優れているかとの質問には、マケイン氏が47％と、オバマ氏の45％をわずかに上回った。ただ8月の調査でマケイン氏がオバマ氏を9ポイント上回っていたことを踏まえると、オバマ氏は大幅に差を縮めたといえる。,1
金急騰、米公的資金注入めぐり米国債信認に警鐘,2008/09/18,米市場を震源地にした金融不安のうねりは日に日に強まり、18日の東京市場では日経平均が一時、前日比400円を超す下落となった。中でも注目されるのは金価格の急騰だ。安全資産への逃避という「教科書的な」解釈がある一方で、これからどの程度の公的資金が必要なのか全く不透明な米国の財政事情や、米国債の信認に対する警鐘との見方も急浮上している。日経平均は大幅反落した。前場は前日比350円を超える下落となったが、後場は空売り規制を発動する米株式市場の動向を見極めたいとする一部参加者が「先物を中心に買い戻した」（国内証券）ため、やや値を戻した。ただ、米政府によるアメリカンインターナショナルグループ（AIG）(AIG.N)救済でも米金融不安はいっこうにおさまらず、リスク資産から資金を引き揚げる動きが依然として継続している。ヘッジファンドの換金売りなどに対する警戒感から金融株や不動産株が大きく売られた。こうした不安心理と並行して進んだのが、金価格の急上昇だ。17日の米商品市場で、金現物は一時、88.55ドル上昇。1日の上げ幅としては1980年1月に記録した85ドルを上回り、過去最大の上昇となった。市場では、信用不安の高まりで安全資産である金への着目度が高まったとの声が多い。カネツ投資顧問調査部の影山辰夫アナリストは「資金の逃避先としての買いが入ったようだ」とした上で「株が落ち着きを取り戻せば金が急落する可能性もある」として、ホットマネーのシフトに警戒感を示している。＜金価格上昇の裏に米公的資金大盤振る舞いの思惑＞一方で、米国債の信認低下が背景にあるとの見方が急速に広がりをみせている。ある外資系証券の関係者は「事実上の国有化になったAIGが、公的管理の最後ではない。これはスタートに過ぎないという見方がマーケットに浮上している。米政府がどのくらいの規模の公的資金を注入したら金融不安が沈静化するのかだれにもわからい。これが金価格の上昇につながっている」と指摘する。別の国内証券のある関係者も「FRB（米連邦準備理事会）は最後の貸し手から最後の買い手になってしまった。これから米国の財政出動がどこまで進むのかわからないが、米国債の信認低下が金上昇の背景にあるのは間違いない」と述べる。,1
米財務長官、「現代版」RTC設立計画を議員に提示,2008/09/19,ポールソン米財務長官は18日、金融問題の解決に向け、整理信託公社（RTC）のような不良債権処理機関を設立する計画を複数の議員に示した。議会関係筋が明らかにした。同関係筋は「（1980年代の）貯蓄貸付組合（S&L）危機の後に利用された整理信託公社（RTC）の現代版だ」と述べた。,1
米財務長官、金融問題解決へRTC型機関を議員に提示,2008/09/19,ポールソン米財務長官は18日、金融問題の解決に向け、整理信託公社（RTC）のような不良債権処理機関の設立を複数の議員に示した。議会関係筋が明らかにした。同関係筋は「（1980年代の）貯蓄貸付組合（S&L）危機の後に利用された整理信託公社（RTC）の現代版だ」と述べた。同筋はこの計画について、個別に企業を救済する必要がなくなるとの見解を示した。米財務省と米連邦準備理事会（FRB）は、コメントを控えている。ただ、11月4日の米大統領選本選を控え、こうした計画について議会の迅速な承認を得るのは困難な見通し。ホワイトハウスのペリノ報道官は、何らかの措置が検討されているにしても、内容についてのコメントは控えている。また、マーケットが調整しているときに何らかの措置をとることが賢明か疑問を呈した上で、こうした計画を迅速に承認することは困難との認識を示した。シューマー米上院議員（民主、ニューヨーク州）は18日、財務省およびFRBの当局者らと、より恒久的な措置をとることについて話し合ったとし「FRBと財務省は、より包括的な解決策が必要だと認識し始めているようだ。本格的な問題解決を先送りしたまま、政府に次から次へと個別の企業を救済させるわけにはいかない」と述べた。,1
FRBは相次ぐ救済策で体力低下、今後は量的緩和も選択肢か,2008/09/19,世界的な金融システムの緊張に主要国の中央銀行が協調して大量のドル資金供給に乗り出したが、米連邦準備理事会（FRB）の緊急利下げは依然、最後の頼みという位置付けだ。危機管理が焦点となり、一連の救済策によってFRBの準備資金が危機的水準まで減少する状況下、FRB当局者は短期金融市場支援の取り組みを金利政策と切り分けつつ、支援能力を拡大する方策を得ようと懸命だ。18日発表された日米欧6中銀の協調ドル流動性対策で、FRBは、他中銀と通貨スワップ協定を新たに締結拡充した。この48時間たらず前、FRBは連邦公開市場委員会（FOMC）で政策金利の据え置きを決めている。声明文はインフレ警戒姿勢を前面に打ち出し、金融市場については極度の信用不安に陥っていると認めるにとどめた。RBSグリニッチキャピタルのチーフインターナショナルストラテジスト、アランラスキン氏によると「（今週）FRBは、流動性供給を金利政策と切り離そうとしていた」。しかしFOMCの決定からわずか数時間後、FRBは、資金繰り難に陥った保険大手アメリカンインターナショナルグループ（AIG）(AIG.N)救済策の一環で850億ドルを融資することに合意する。FRBの緊急措置は、18日の主要中銀との通貨スワップ協定締結拡大で終わりではないとみられている。ゴールドマンサックスのエコノミストは、今後数日、数週間にさらなる措置が発表される可能性があると予想。民間金融機関救済で融資するFRBの原資確保に向け、米財務省が17日から臨時で国債を発行し始めたことに関連して「追加発行があるのはほぼ確実」と指摘した。,1
米政府、75兆円での不良資産買取り案を議会提示,2008/09/22,米政府は20日、金融機関が抱える住宅ローン関連の不良資産について公的資金で最大7000億ドル（約75兆円）を買い取ることなどを盛り込んだ法案を議会に示した。法案は財務長官に対し広範な権限を付与する内容になっている。これに対し、上下両院で多数を制する民主党からは、早期の救済策承認を望むとしながらも、監督強化や、買い取りを希望する金融機関幹部の報酬制限、住宅保有者の支援などを盛り込むよう求める声が上がっている。ポールソン財務長官には大幅な権限が与えられ、ロイターが入手した法案草案によると、長官の決定は裁判所の審査を受けないことになっている。財務省が20日遅くに発表した声明によると、政府は米国に本拠を置く銀行や機関から、住宅商業用不動産ローンおよび関連資産を今後2年にわたり、最大7000億ドル買い取ることができる。しかし市場安定のために必要と財務長官が判断した場合、連邦準備理事会（FRB）議長に諮問のうえ、買い取る資産内容や買い取り元の条件を付けないことも可能としており、外国の金融機関からの買い取りに含みをもたせている。買い取りに伴い、連邦政府の債務上限は現行の10兆6150億ドルから、11兆3150億ドルに引き上げられることになる。与党共和党は政府提案に総じて賛成の意を示しており早急に可決するとしているが、民主党は原案どおりには応じない方針だ。民主党のペロシ下院議長は、危機打開に向け政府と協力して迅速に対応するとしているが、提案には強化する部分があると指摘。「ウォール街の混乱から低中所得層を保護するため、雇用創出と経済成長の回復に向けた景気対策を制定することも進める」と述べた。上下両院経済合同委員会のシューマー委員長（民主党、ニューヨーク州）は早急な可決が必要とし、「26日までには大統領に送付する」と述べた。財務省案についてゴールドマンサックスの首席米国エコノミスト、ジャンハッチウス氏は「議会は今後数日の間にさまざまな付帯案をつけようとするだろう。そうすることで事態は一層混沌とするだろう」と指摘。今回の案で金融機関のバランスシートへの影響や資本注入につながるかについては不透明だと述べた。法案では、財務省は不良債権買い取りに向けてアセットマネジャーを採用することができる。買い取り対象は2008年9月17日以前に組成発行された居住用商業用モーゲージおよび関連債券。買い取り期間は2年間だが、当局はその後も資産の継続保有が可能。買い取り価格は可能な場合、市場メカニズムに基づき決定するとしている。また金融機関が政府に買い取り資産をオファーする「リバースオークション」方式をとる場合もあるとしている。,1
自民党新総裁に麻生氏、民主党との戦いに強い決意,2008/09/22,自民党は22日、麻生太郎幹事長（68）を新総裁に選出した。麻生氏は選出後、両院議員総会であいさつし「政権政党として、次の総選挙において断固民主党と戦っていかなければならない。その選挙に勝って初めて、天命を果たしたということになる」と述べ、政権選択選挙とみられる次の総選挙に向けた決意を表明した。さらに、いま国民が抱えている諸問題に対して「実行に移す力は、われわれ以外の政党のどこにあるかと強く思っている。断じて民主党ではない」と語り、「先頭に立って戦う機会を与えてもらったことに感謝する」と語った。そのうえで「この選挙に勝って、この国の再生を果たし、改革を成し遂げ、さらなる一歩を進めていかなければならない」と述べ、日本再生を誓った。＜総裁選は351票獲得し圧勝＞自民党総裁選は22日午後、党本部で投開票が行われ、麻生氏が351票を獲得、1回目の投票で過半数を制し、福田康夫首相の後継総裁に選出された。他の立候補者の得票数は、与謝野馨経済財政担当相（70）が66票、小池百合子元防衛相（56）が46票、石原伸晃元政調会長（51）が37票、石破茂前防衛相（51）が25票。新総裁に選ばれた麻生氏は両院議員総会のあいさつのなかで、自民党総裁選を戦った他の4人の候補者について「対立はこの瞬間をもって終わった」と述べ、総選挙に向け挙党態勢で臨む考えを強調した。麻生氏はこの後、午後6時から記者会見を行い、新総裁としての所信をあらためて示す。党役員人事はきょう中に決まる見通し。24日召集の臨時国会で首相指名選挙が行われ、麻生氏は第92代首相に就任する。（ロイター日本語ニュース吉川裕子記者）,1
小泉元首相、次期衆院選に出馬せず引退する意向＝報道,2008/09/25,NHKなど国内各メディアによると、小泉純一郎元首相は25日、次期衆院議員選挙に出馬せず、今期限りで引退する意向を関係者に伝えた。,1
米金融安定化策、7000億ドルを段階的に活用,2008/09/26,米下院金融委員会のフランク委員長（民主党）は25日、米金融安定化策について、7000億ドルの基金は即時全額利用されるのではなく、段階的に活用される、と述べた。同委員長はCNBCとのインタビューで、金融安定化法案の基金は近く承認される、と示唆した。また、法案には、不良資産を政府に売却可能な企業幹部の報酬抑制も含まれるという。同委員長は「7000億ドルは段階的に活用される。納税者のための株式保護や、対象企業の最高経営責任者（CEO）に対する報酬の制限、非常に厳格な監督、住宅ローン差し押さえを減らす取り組みなどが含まれる」と述べた。また、差し押さえ抑制に向けた破産法改正については、依然議論が続いているという。,1
米金融安定化法案、26日以降も協議継続の可能性,2008/09/26,米上院銀行委員会のドッド委員長は25日、金融安定化法案について、議会が休会する26日以降も協議が続く可能性があるとの認識を示した。同委員長はCNNとのインタビューで、会合に出席したマケイン共和党大統候補を批判。「2時間にわたって、マケイン候補の救済策を協議したようなものだ」とし、「政治劇場で2─3時間気を紛らわせても仕方がない」と述べた。ドッド委員長は、共和党が新たな対策をまとめていることを示唆。「内容もよく分からない。誰も説明できない」とし、共和党の提案を受け入れれば、議会の調整を初めからやり直さねばならず、そのようなことは望んでいないと述べた。,1
米議会財務長官FRB議長、金融安定化策で会合,2008/09/26,米上院銀行委員会のドッド委員長は25日、金融安定化策をめぐる交渉を「再び軌道に乗せる」ため、議会関係者とポールソン財務長官、バーナンキ米連邦準備理事会（FRB）議長が米東部時間午後8時（日本時間26日午前9時）に会合を行うと述べた。リード上院議員（民主党、ネバダ州）は記者団に対し、ブッシュ大統領と議会指導部との25日の会合で、マケイン共和党大統候補は「意味のあることは何も言わなかった」とし、「進行の妨げとなった」と述べた。,1
6カ国協議が決裂の可能性、北朝鮮の核施設再稼働の動き受け＝韓国外相,2008/09/26,韓国の柳明桓（ユミョンファン）外交通商相は26日、北朝鮮が核施設の再稼働を通告したことを受け、6カ国協議が決裂に向かう可能性があるとの考えを示した。国際原子力機関（IAEA）は24日、北朝鮮が核施設からの退去を査察官に通告し、来週から施設を稼動させる計画だとした。柳外相は「われわれは難しい状況に置かれており、振り出しに戻ることも考えられる」と述べた。北朝鮮の最新の動きについて協議するため米国を訪れていた同相は、北朝鮮はブッシュ米政権および次期米大統領に圧力をかけようとしている可能性があると指摘。米大統領選を踏まえた戦略だとの見方を示した。アナリストは、ブッシュ現政権が土壇場で譲歩案を示す可能性があり、そうでない場合、来年1月の新政権発足時に北朝鮮は交渉で一段と有利な立場に立つとみている。ライス米国務長官は今週、北朝鮮による核施設再稼働の動きを受けても、6カ国協議が終わるわけではないとの考えを示した。,1
米大統領、ポールソン長官の金融安定化策を支持＝ホワイトハウス,2008/09/26,ホワイトハウスは25日、ブッシュ米大統領が、ポールソン財務長官のまとめた金融安定化策を支持していると表明した。ホワイトハウス報道官は「大統領はポールソン長官がまとめた計画の柱を支持している。さまざまな人がさまざまな提案をしているが、ポールソン長官は合意に向けて作業を進めていくことができる」と述べた。金融安定化策をめぐっては、共和党保守派のグループが、ポールソン長官案への対案を提示し、一部の共和党、民主党議員から批判が出ている。対案は、モーゲージ証券（MBS）に政府保証をつけることが柱。ホワイトハウス報道官は「われわれは、ポールソン長官の案が最良だと考えている」と述べた。ポールソン長官がまとめた金融安定化策は、金融機関から流動性の低下した不良資産を買い取ることが柱となっている。,1
米金融安定化法案、共和党が対案提示協議が混迷,2008/09/26,米金融安定化法案めぐる協議は、25日午後のホワイトハウスの会合で一部の共和党下院議員が対案を提示したことが明らかになり、混迷の度を増している。共和党の対案は、これまで議会が検討を進めてきた金融安定化法案とは内容が著しく異なっている。複数の民主党議員は、マケイン共和党大統領候補がこの対案を支持していると非難したが、マケイン陣営はこれを否定。「マケイン氏はきょうのホワイトハウスの会合で、いかなる提案も攻撃支持していない」との声明を発表した。ホワイトハウスの会合に出席したフランク下院金融委員長（民主党）は、協議が大きく後退する可能性があるとの見方を示した。「下院共和党の対案は内容が全く異なるもので、作業に1週間以上の遅れが出ることは明らかだ」と発言。ただ「われわれはあきらめない」とし、両党の支持を得ていない法案を本会議にかけることはないと述べた。「下院共和党が大統領のアプローチに反対し続けるのであれば、法案は消滅する」との認識も示した。フランク委員長は、金融安定化法案をめぐる議会の協議は26日も継続するが、下院共和党議員が協議に参加する兆しはないとも述べた。＜対案＞,1
初回の米大統領候補討論会、マケイン氏の出欠が不明,2008/09/26,11月に米大統領選の本選挙を控え、共和党のマケイン候補と民主党のオバマ候補による初回のテレビ討論会が26日に予定されているが、マケイン氏は出欠を明確にしておらず、開催できるか不明という事態になっている。金融安定化法案が成立するまでは討論会に出席しないとマケイン候補が表明したことを受けて生じた混乱は、法案をめぐる調整が難航するなか、一層深まった。討論会のスポンサーは討論会は予定通りに開催されると話している。オバマ氏は、マケイン氏の動向にかかわらず会場のミシシッピ州に向かうとしているが、マケイン氏が不在であれば討論会は成立しない。マケイン氏は25日夜、ABCニュースに対し、討論会は「開催できると期待している」とし、「ミシシッピ州へのフライトに間に合うよう、法案について合意がまとまることが可能だと信じている」と述べた。マケイン氏は24日、法案をめぐるワシントンでの協議に参加するため選挙活動を「一時停止する」と表明していた。しかし、25日にニューヨーク州で講演を行ったほか、選挙広告のテレビ放映を継続し、サラペイリン副大統領候補らを遊説に送り出している。討論会の主催者や約500万ドルの運営費を投じたミシシッピ州立大学、そして取材に訪れた3000人の記者は、マケイン氏が来ないかもしれないということに動揺している。マケイン氏を支持するミシシッピ州のバーバー知事は記者団に「あすはすばらしい討論会になるだろう。われわれは楽しみにしている」と述べた。,1
米大統領選は初回討論会が終了、批判合戦本格化,2008/09/28,米大統領選で初回のテレビ討論会を終えた両候補は27日、それぞれの目的地へと向かった。民主党のオバマ上院議員（47）は遊説に、共和党のマケイン上院議員は金融安定化策の法案取りまとめ議論が続くワシントンに戻った。26日の初回討論会は、態度を決めていない多くの有権者にとって両候補を直接比較する最初の機会。財政支出や外交政策などをめぐり激しい応酬があり、両候補とも相手のイラク戦争や経済政策に関する判断に繰り返し疑問を投げ掛け、双方が勝利を主張した。アリゾナ州選出で上院議員4期目のマケイン候補は「（私のほうが）経験や知識、判断力で上回っている。オバマ議員が知識や経験で十分だといえるのか、正直分からない」と発言。オバマ氏が大統領になる準備ができているかどうか疑問を投げ掛けた。一方、イリノイ州選出の1期目上院議員であるオバマ候補は、マケイン氏がほかの問題を無視してイラクに集中していたとし、人気の低いブッシュ大統領の政策と結びつける議論を展開。オバマ氏は「次期大統領はわれわれが直面するすべての問題に対する広いビジョンを持っていなければならない」と主張した。初回討論会は、両候補とも決定打には欠け、目立った失言もなかった。マケイン候補がオバマ候補を守勢に立たせる場面がしばしば見られたが、オバマ候補は力強く応戦した。討論会を終え、両候補の相手陣営批判は一段と強まっている。オバマ陣営は新たに「ゼロ」と名づけたキャンペーン広告を開始。マケイン候補が討論会を通じて一度も中流層に言及しなかったとする同広告では、ナレーターが「マケインは分かっていない。オバマは分かっている」と語る。これに対し、マケイン陣営はオバマ候補が2007年、イラクとアフガニスタンの軍事作戦への予算に反対票を投じたと主張するキャンペーン広告を発表。ナレーションでオバマ候補が「策をろうして国民の命を危険にさらしている。国を率いる準備ができていない」と語りかける。討論会を終えたオバマ候補は接戦が伝えられているバージニア州やノースカロライナ州での遊説に向かい、マケイン候補は最大7000億ドルを投入する金融安定化策の議論のためワシントンに戻った。,1
米議会政府、金融安定化法案に大筋で合意,2008/09/29,28日未明、議会指導部と政府は金融安定化法案に大筋で合意し、議会スタッフが最終的な文書化作業を行っていると発表した。法案成立には、上下両院の本会議での承認が必要とされる。以下が金融安定化策の主要ポイント。◎不良資産買い取りのための7000億ドルは段階的に投入される。まず2500億ドルが認められ、大統領はさらに1000億ドルを要請できる。残りの3500億ドルについては議会の承認が必要。◎不良資産買い取りプログラムの支援を受ける企業の株式を米政府が取得し、企業の業績が回復して利益を上げた場合納税者に還元する。◎新たに設立される議会委員会が監督権限を持ち、財務長官は定期的に議会に報告を行う。◎不良資産買い取りを受ける企業の経営者の報酬に上限を設け、過剰な報酬や退職の際の「ゴールデンパラシュート」を防止する。◎政府は、買い取った住宅ローンの差し押さえ手続きを遅らせることができる。◎不良資産となった証券類を直接買い取る以外に、財務省は、不良資産引き受けの代金をプログラム参加企業が共同で支払う保険制度も存在することを認識する。◎5年経過して政府が損失を抱えていた場合、財務省は参加企業から料金を徴収して納税者負担を補てんする計画を進める。,1
米議会が金融安定化法案で大筋合意、29日にも採決,2008/09/29,米議会は金融機関の不良資産の買い取りと金融危機の緩和を目指す7000億ドルの金融安定化法案をめぐる修正協議で大筋合意した。ある上席の米上院議員は、上下両院で早ければ29日の法案採決が見込まれると述べた。民主、共和両党の議会指導層は28日、法案をめぐる修正協議に大筋で合意した、と述べた。しかし、この法案が市場に対する信頼感を回復させ、危機の深刻化を防ぐかどうかは不明だ。WPスチュワートのジムアワド会長は「金融市場が当面、安定すると期待される」とし、「この計画は必要ではあるものの、それ自体としては不十分とみる」と述べた。＜超党派の支持＞米民主、共和両党の議会指導層は28日朝、ブッシュ政権が当初提案した金融安定化計画の主要部分の修正協議で大筋合意し、1日を費やして議員の支持獲得に取り組んだ。ジャドグレッグ米上院議員(ニューハンプシャー州選出、共和党)は、下院は29日にも金融安定化法案の採決を行う可能性がある、とし、上院も同日に採決を実施することを望む、と述べた。しかし、関係筋によれば、ユダヤ教の新年の祝日のため30日は議会が休会し、上院での採決は10月1日にずれ込む可能性もある。グレッグ議員は、金融機関の救済のために国民が拠出する資金は全額回収が可能であり、回収総額は出資額を上回る可能性さえある、と自信を示した。,1
米ゴールドマン、銀行から約5.3兆円の資産買収へ＝FT,2008/09/29,28日付の英フィナンシャルタイムズ（FT）紙によると、米ゴールドマンサックスグループ(GS.N)は、経営の悪化した複数の米銀行から最大で500億ドル（約5兆3000億円）の資産を買収する方針。ゴールドマン幹部らの話として伝えた。FT紙は、商業銀行への転換に向けた措置の一環、と報じている。ゴールドマンとモルガンスタンレー(MS.N)は21日、銀行持ち株会社への移行を発表。預金受け入れが可能になり、ウォールストリートを数十年間支配していた投資銀行モデルと決別することになった。ゴールドマンは銀行持ち株会社化を発表した際、他行から預金を買収することで、預金基盤の拡大を目指すとの方針を示していた。FTによると、ゴールドマンは資産をどこから買収するかについて米当局と協議する計画。ゴールドマンのコメントは得られていない。,1
ベネルクス政府がフォルティスを国有化、米型金融危機回避図る,2008/09/29,ベルギー、オランダ、ルクセンブルクのベネルクス3国の政府は、経営が悪化しているベルギーオランダ系金融グループのフォルティスFOR.BRについて、欧州中央銀行（ECB）のトリシェ総裁と対応を協議した結果、米国型の金融危機に発展することを回避するため、総額112億ユーロ（約164億ドル）出資して救済し、事実上国有化する。同グループは、政府からの出資受け入れに伴い、昨年買収したものの、経営悪化の要因になったABNアムロの一部を売却する。また、フォルティスの経営悪化状態を長期間隠していたとして株主から批判されているリッペンス会長は辞任する。ベルギーのルテルム首相は28日、記者会見し救済策を発表した。関係筋によると、投資家の間で信頼感が低下し、民間金融機関への身売り交渉が失敗したことで、政府による救済が決まった。ベルギー、オランダ、ルクセンブルクの3国政府は各国法人の株式49％をそれぞれ取得する。出資額はベルギーが47億ユーロ、オランダが40億ユーロ、ルクセンブルクが25億ユーロとなる。ルクセンブルクは転換融資の形式を取る。当初、フランスのBNPパリバ(BNPP.PA)がフォルティスを買収する可能性が高まっていた。関係筋によると、BNPはフォルティス1株当たり1.60ユーロ（26日の終値は5.20ユーロ）での買収案を提示したほか、将来発生する損失を政府が保証することも求めたが、交渉を打ち切った。これを受け、トリシェECB総裁は週末にかけ、ベルギーのルテルム首相とオランダのボス財務相らと対応策を協議した。,1
米上院、預金保険上限引き上げ含む金融安定化法案を1日採決,2008/10/1,米上院関係者によると、上院は、米連邦預金保険公社（FDIC）の預金保険上限引き上げを盛り込んだ7000億ドル規模の金融安定化法案を10月1日に採決することで合意した。FDICの預金保険上限は現在の10万ドルから25万ドルへの引き上げが提案されている。リード上院院内総務（民主党、ネバダ州）は30日、同法案の採決を1日に行うことで上院の合意を得た。米下院は29日に金融安定化法案を否決し、各国の市場は急落していた。,1
米大統領選、オバマ候補のリード縮まる＝ABC／WP,2008/10/1,米ABCニュースとワシントンポスト（WP）紙が30日発表した大統領選の世論調査によると、バラクオバマ民主党候補の支持率が投票の公算が大きい有権者の間で50％となり、ジョンマケイン共和党候補の46％に対するリードが縮まっている。1週間前は、9％ポイントのリードだった。調査は、9月27─29日に行われた。直前の26日には、両候補が初のテレビ討論を行った,1
米金融安定化法修正案、1日上院採決下院幹部も賛意,2008/10/1,米上院は、預金保険の保証上限を10万ドルから25万ドルに引き上げる条項を盛り込んだ金融安定化法修正案を10月1日に採決することで合意した。上院民主党のリード院内総務（ネバダ州）は30日、採決を1日に行うことで上院の合意を得た。一方、法案を29日否決した下院では、共和民主両党の幹部が修正案が可決されることを望むとの見解を示した。下院共和党のベイナー院内総務のスポークスマンは、同院内総務が「修正案を検討、了承した。（法案を）支持しており、可決を確信している」と述べた。院内総務は連邦預金保険公社（FDIC）による保険上限拡大と納税者保護策が、「下院共和党にアピールする」と述べたという。1日の上院での採決には、上院議員である共和党のマケイン、民主党のオバマ両大統領候補も臨む予定。両候補とも修正案への支持を表明した。民主党のリード上院院内総務は「上院で1日に可決し、下院も早急に続くことになるだろう」と述べた。上院では本会議で緊急採決するための条件として、可決には100議席の過半数ではなく60票が必要となる。下院は2日に再開されるが、採決の見通しはたっていない。ペロシ議長（民主党）は30日、「前日の否決後、下院幹部とホワイトハウスは超党派での可決に向けて断続的に協議している。多くの議員が修正条項を提案しており、これらの提案について検討している」と述べた。,1
米金融安定化法案、修正後に可決かリセッション入りかの二者択一,2008/10/1,米市場は30日、下院が前日否決した7000億ドルの金融安定化法案に新たな条項を加えた修正案合意への期待感が膨らみ、大幅反発した。エコノミストらは法案の修正協議が行き詰まって廃案となれば、長期かつ深刻なリセッション（景気後退）に陥るリスクがあると警告している。29日の米下院本会議が法案を否決したことで、今後の対応について2つのシナリオが浮上した。議会の承認を得るに十分な修正が法案に施されるか、あるいはポールソン財務長官とバーナンキ連邦準備理事会（FRB）議長が限られた政策手段で金融危機に個別対応していくかの二者択一だ。法案の完全な練り直しは可能性が低いとみられている。ピーターソン国際経済研究所のマイケルムーサ上級研究員（元国際通貨基金＝IMF調査局長）は「当面のところ、米財務省案にある程度の修正を加えて議会が可決するか、何も得られないかのどちらかだろう」と述べ、「懸念されるのは、ポールソン案が可決されなければ、戦後で最悪レベルの急激なリセッションに陥る可能性があることだ」と指摘した。財務省に不良資産の買い取り権限を付与することで信用収縮を解決しようとした金融安定化法案の思いもよらぬ否決を受け、米政府の政策担当者や議会指導者は、反対に投票した一部共和党議員の説得に努めている。ヘネシー大統領補佐官（経済担当）はフォックスニュースの番組で「（心変わりする）可能性のある票がどこにあるか見極めるのに若干の時間が必要になるだろう。そうした票を獲得するため、願わくば小幅な、どういった政策変更が必要かを見極めたい」と語った。「そうした作業を開始している」という。30日の段階で賛成の勢いが増した修正の一つは、米連邦預金保険公社（FDIC）の預金保険の保証の上限を現行の10万ドルから25万ドルに引き上げる案で、これについてはFDICが暫定的な上限引き上げを正式に要請、大統領選の共和党候補であるマケイン上院議員も民主党候補のオバマ上院議員も支持を表明している。,1
麻生小沢両党首が全面対決、代表質問は所信表明合戦に,2008/10/1,国会は1日午後の衆院本会議で、麻生太郎首相の所信表明演説に対する各党代表質問が行われた。しかし、トップバッターにたった民主党の小沢一郎代表は、麻生首相が民主党に逆質問を展開した所信表明演説を批判。「明白な理念も具体なビジョンや政策も全く示されていない。唯一、具体的なものは民主党に対する誹謗（ひぼう）中傷だけだ」とした上で「（自身の）所信を申し上げることにより総理への答弁としたい」と述べ、政治理念と政権構想を語る異例の所信表明合戦となった。＜小沢「速やかに総選挙を」VS麻生「解散は私が決める」＞小沢代表は質問の冒頭から、安倍福田両政権が1年足らずで政権を投げ出したとし「与党が政権を担う能力を失ったならば、直ちに野党に政権を渡し、総選挙を行うのが議会制民主主義の道筋だ」として衆院解散総選挙を迫った。自公政権による政策で「格差大国」になったと糾弾し「小泉（純一郎）政権以来の市場万能と、弱肉強食の政治で生じたこの格差と不公正を放置すれば、日本の経済社会は根底から崩れ、国民生活が崩壊する。だからこそ、今、日本を変えなければならない」と強調。そのための新しい仕組み作りの核心は「税金の無駄使いを際限なく再生産している官僚任せの財政運営構造を大転換し、国の予算の総組み替えを断行すること」と語った。その上で小沢代表は総選挙の最大の争点は「無駄遣いを続ける今の税金の使い方を許すのか、民主党を中心とする政権に代え税金の使い方を根本的に変えるのか。その選択だ」と主張した。これに対して麻生首相は、首相が短期間で交代したことで国民に迷惑をかけたと陳謝しながらも「そのことと自民党が政権担当能力を失ったがどうかは全く別の話だ。日本の未来に責任を持てるのは自民党であると固く信じている」と反論。所信表明演説で喫緊の課題として質した「補正予算案、消費者庁法案、インド洋での補給支援活動継続」への賛否に対して、小沢代表が立場を明確にしないことを批判。「いたずらに審議を長引かせ、結論を先送りするのは国民に対する責任の不履行だ」と語った。,1
米国務次官補が北朝鮮入り、非核化合意の履行で圧力へ,2008/10/1,ヒル米国務次官補（東アジア太平洋担当）が、北朝鮮に対して非核化合意の履行を求めるとともに、核施設の再建を防ぐため、1日に北朝鮮入りした。次官補は30日、記者団に「（北朝鮮の）行動はわれわれが実現を目指してきたことに明らかに反している」と述べた。帰国の時期は明らかにしなかった。また次官補は、今回の訪朝では北朝鮮の核プログラムに関する報告の検証システムの受け入れや、秘密のウラン濃縮プログラムの存在に対する米国の疑問に答えるよう、圧力をかけると語った。韓国の聯合ニュースは、政府筋の発言として、核施設のある寧辺から離れた東海岸の地点で核施設の「再稼働」に向けたことがうかがわれる小規模な動きが観測されたと報じた。韓国の諜報機関は、この報道を確認していない。,1
米大統領選、ペイリン副大統領候補の適性を疑問視する声も,2008/10/1,米共和党の副大統領候補であるサラペイリンアラスカ州知事の存在が、同党が大統領選挙で勝利するためのリスクとなりつつある。ペイリン候補はこのところ、コメディアンに物まねをされてかわかわれたり、インタビューで動揺を見せたりしている。米ニューズウィーク誌が「ペイリンは準備ができているか」という見出しの記事を掲載するなど、今週は、ペイリン候補の副大統領としての適性を問う声が、各方面で強まった。同誌の国際エディター、ファリードザカリア氏は、記事の中で「サラペイリンは全く副大統領に適していない」と断じ、「彼女は積極的でカリスマ性もあり、アラスカ州では良くやったが、これまで国内外の重要な問題について考えたことがない」と指摘した。11月4日の大統領選挙本選まで6週間を切り、マケイン候補とオバマ候補による激戦が続く中で、こうした記事は痛烈な批判報道の一つと片付けられるかもしれない。しかし、米国主要メディアとのインタビューを機に、メディア対応力などに疑問の声が上がったのを受けて、ペイリン候補には民主党、共和党の双方から批判の嵐が起こっている。平凡で信頼できる44歳の「ホッケーマム」という同候補のイメージは先月、白人女性の間でマケイン候補への支持率を押し上げた。それが今では、一部では新米政治家やジョークの的という喜ばしくないイメージにも変わってしまった。米人気コメディ番組サタデーナイトライブは、州知事の仕事で外交経験を積んだというペイリン候補の言葉を取り上げ、それはアラスカがロシアに地理的に近いからだとからかった。人気トークショーの司会者、デビッドレターマンは、同候補が国連で各国指導者と面会したことを「娘を仕事場に連れて行く日」のようだったと笑った。こうしたことを受けて、ニューヨークタイムズ紙の保守派コラムニスト、デビッドブルックス氏も、ペイリン候補が副大統領に立候補していることを「恥ずかしい」と評した。しかし、政治アナリストらは、ペイリン候補が悪評にも関わらず、大統領選のキャンペーンにおいて力強い存在であり続けると指摘。同候補には、キリスト教系支持者やその他の保守系共和党支持者の票を集める力があるとみている。2日に迫ったバイデン候補との討論会に対する期待は、今やかなり低くなっている。しかし、それによってペイリン候補の見栄えがよくなる可能性もあるという声も出ている。,1
金融安定化法案、議会通過の可能性高まるよう修正,2008/10/2,米ホワイトハウスは1日、議会と交渉中の金融安定化策について、上下両院で承認される可能性が「大幅に」高まるよう内容を修正したことを明らかにした。フラット報道官は、連邦預金保険公社（FDIC）の預金保険の保証上限引き上げは金融機関に恩恵をもたらす「重要な」改善点だと述べた。,1
米下院、金融安定化法案採決は3日正午前後の見通し,2008/10/2,米下院民主党のホイヤー院内総務は1日、下院が金融安定化法案の採決を3日正午ごろまでに行う可能性が高いとの見方を記者団に示した。同案は1日に上院を通過すると予想されている。同院内総務は、2日に採決を行うことも検討されていたが、「私は3日の正午前後の採決を予定している」と述べた。,1
北朝鮮、ミサイル実験施設を改良＝韓国紙,2008/10/2,韓国の東亜日報は、政府関係者の話として、北朝鮮が過去のミサイル実験で使用した施設を改良している、と報道した。長距離ミサイルの発射を準備している可能性があるという。北朝鮮は最近、寧辺（ニョンビョン）核施設の復旧作業を開始。6カ国協議の米首席代表、ヒル国務次官補は1日、北朝鮮を訪問している。同紙によると、政府筋は「北朝鮮は発射台を支えるクレーンを替えたほか、ミサイルの安定性を向上させる作業を行っている」としている。政府筋は、ミサイルの燃料を供給するための装置が設置されている、と指摘。施設改良でミサイル発射の準備時間が短縮される、と述べた。改良が行われているとされるのは北朝鮮東沿岸部にある舞水端里（ムスダンリ）の施設で、過去に「テポドン2号」に発射実験が行われた。,1
米上院が金融安定化法修正案を可決、下院では3日に採決へ,2008/10/2,米上院本会議は1日、金融安定化修正法案を賛成74対反対25で可決、下院に送付した。下院では3日の採決が見込まれている。法案には1500億ドル規模の企業代替エネルギー開発向け優遇税制が盛り込まれた。このほか中間所得層を中心とした2400万人の納税者向けに、課税最低所得の優遇措置を追加した。修正法案には預金保険の保証上限を現在の10万ドルから25万ドルに引き上げることも盛り込んでいる。上院指導部は、これらの付帯条項により、下院の共和党議員も支持するとの期待を示した。法案にはオバマ、マケイン両大統領候補も賛成票を投じた。下院民主党のホイヤー院内総務（メリーランド州）は上院での可決前に記者団に対し、「経済安定に向け法案を下院で可決できるか、努力を続けている」と述べた。その上で下院での採決は3日にも行われるとし、上院で修正された法案内容は、下院共和党議員の支持をえられると指摘。「下院での可決には100人の共和党議員の支持が必要だ。共和党指導部が、それまでに議員の支持を得られるようになっていることを望む」と述べた。上院が原案を修正して法案を可決したことについて、29日の採決で原案を支持した下院民主党からは批判の声が出ている。下院では、期限切れを迎えている優遇税制の延長に加え、上院では盛り込まれなかった財務省の負担コストを補う歳入増も組み込んだフ尾案をすでに可決している。下院歳入委員会のランゲル委員長（民主党）は声明で「上院幹部は金融安定化法案に税制延長を付帯するという、前例のないギャンブルをした」と述べた。しかし、29日には賛成した法案を、このために反対にまわるかには言及しなかった。下院共和党のシャデッグ議員（アリゾナ州）は、預金保険の保証上限が引き上げられたため、反対から賛成にまわることを明らかにした。下院共和党のベイナー院内総務は「可決されると楽観しているが、（可決されると）決め付けてはいない」と述べた。,1
米大統領選、ペイリン氏の資質に懐疑的見方強まる＝調査,2008/10/2,米ABCニュースとワシントンポスト（WP）紙が実施した世論調査によると、共和党のペイリン副大統領候補（アラスカ州知事）の資質に疑問を抱く有権者が増えている。調査では、マケイン候補が72歳という年齢で大統領に就任することに違和感を感じるとの回答が約半数を占めたほか、ペイリン候補が必要な経験を備えていないと答えた回答も60％と、1カ月前の調査の45％から上昇した。ペイリン候補の支持率は、一連のテレビインタビューに出演し始める前の1カ月前はマケイン候補や民主党のオバマ候補と同水準だった。ここ1カ月にペイリン候補への見方に最も大きな変化がみられたのが無党派層。ペイリン氏の経験について、9月初めの段階では見方が拮抗（きっこう）していたが、今回の調査ではネガティブな見方が大幅に上回っている。また、複雑な問題の理解については、バイデン候補が理解しているとの回答が約75％だったのに対し、ペイリン候補が理解しているとの回答は46％だった。調査は、9月25─27日に1070人の登録有権者に対し、電話形式で実施された。,1
米下院民主党指導部、金融安定化法案の可決を楽観,2008/10/3,米下院民主党指導部は2日、上院を通過した金融安定化法案修正案について、下院でも可決されると楽観的な見方を示した。下院は9月29日、法案の原案を否決した。ペロシ下院議長（民主党）は、記者団に「票を伴わないまま本会議に持ち込むつもりはない。採決できると楽観視している」と述べた。下院の民主党議員は2日も遅くまで、戦略について協議を重ねた。協議後、ホイヤー下院院内総務（民主党）は、記者団に対して、3日に採決を実施するかどうか、2日夜か3日朝に決定すると表明した。民主党のクライバーン下院院内幹事は、民主党内では支持が広がっているが、可決には共和党から十分な賛成票が必要だ、としている。下院の有力議員グループは2日夜、法案の修正を認めないことを決定。下院では、上院が可決した法案について採決することとなった。一方、下院共和党の一部議員のグループは、金融安定化法案の規模を2500億ドルに縮小するよう修正を求める方針を明らかにした。民主党は超党派の支持があるとの認識を示している。9月29日の採決では、共和党の3分の2が反対、民主党は約60％が賛成した。金融安定化法案をめぐっては、金融機関を救済することに抵抗が強く、議員の元には法案に反発する有権者からの電話が殺到している。ブッシュ大統領と議会指導部は今週、信用収縮が消費者や企業にも影響し始めている、と強調し、法案の必要性について理解を求めた。上院では1日、税制優遇措置や預金保険の保証上限引き上げを盛り込んだ修正案を74対25で可決。両党ともに、過半数が賛成した。,1
金融安定化法案、3日に下院本会議で採決へ＝民主党院内総務,2008/10/3,米下院のホイヤー民主党院内総務は2日、7000億ドル規模の金融安定化法案について、3日に下院本会議で議論し、採決を行うと明らかにした。  ホイヤー院内総務は「超党派で過半数の支持が得られることを望む」と述べた。ペロシ下院議長は先に、法案が可決されると確信できるまで採決するつもりはない、と述べていた。,1
米副大統領候補討論会、ペイリン氏ひとまず難関クリア,2008/10/3,米大統領選は2日、共和民主両党の副大統領候補によるテレビ討論会を実施。副大統領としての資質に懐疑的な見方が強まっていた共和党ペイリン候補だが、民主党バイデン候補との討論で大きな失点はなく、不安視されていた難関を乗り切った。ただ、11月4日の本選に向け、バラクオバマ民主党大統領候補との争いで苦戦を強いられているジョンマケイン共和党大統領候補にとって、今回の討論会が吉と出るかはまだ分からない。ペイリン氏は壇上に登場すると、数千万人とみられるテレビ視聴者に向かってウィンクをして見せ、バイデン氏に対してファーストネームで呼んでいいか尋ねるなど余裕を示した。また、ブッシュ政権になって国民生活がよくなったかというバイデン氏の問いかけには、将来を見ていない後ろ向きの議論だと一蹴。「また後ろ向きが始まった。あなたのすべてのコメントはブッシュ政権を前置きにしたもの。もうたくさん。前を向いて自分たちが国民の将来のために何を計画しているか伝えよう」と切り返した。CBSとCNNの調査によると、視聴者の多くは、討論相手のペイリン氏に対しても丁寧な口調を保ったバイデン氏が勝ったとみている。しかし、本選までの残り約1カ月でマケイン氏の支持率巻き返しを期待する共和党側は、今回の討論会でのペイリン氏のパフォーマンスにおおむね満足している。共和党ロビイストのスコットリード氏は「期待値は低かったが、彼女は大成功を収め、マケインをレースに引き戻した」と語っている。一方、オバマ陣営幹部のデビッドアクセルロッド氏は、ペイリン氏が大衆を引き付けるタレントに恵まれていると認めながらも、オバマ氏とマケイン氏のどちらが米国経済を改善できるかに争点を戻した上で、「ウィンクをもらうのいつだって素敵なことだと思うが、給料をもらうことも大事で、多くの人はそっちを心配している」と述べた。＜ミスに期待した視聴者＞アリゾナ州立大でマスコミ論を専門とするブルースメリル教授は、今回のテレビ討論会の視聴者を自動車レースの観戦者と重ね合わせる。「事故を期待してインディ500を見に行くようなもの。多くの人は事故を見るためにチャンネルを（討論会に）合わせたが、事故は起きなかった」と語った。また、ライス大の政治学教授ポールブルース氏は、ペイリン氏に失敗はなかったものの、勝ったのはバイデン氏だと指摘。「彼女の最大のウィークポイントは恐らく外交政策で、論点を暗唱しているように見えたが、うまく暗唱できたとは思う」と話している。,1
米大統領選、オバマ氏が4ポイントリード＝調査,2008/10/9,9日発表されたロイター／C―SPAN／ゾグビーの世論調査によると、米大統領選で民主党のオバマ候補の支持率は48％となり、共和党のマケイン候補の44％を4ポイント上回った。女性有権者や無党派層の間での支持率上昇が寄与した。前日発表された調査ではオバマ氏のリードは2ポイントだった。調査回答者のうち4％は、まだ投票候補を決めていないと答えた。,1
米財務長官、金融機関への公的資金注入計画を策定中と表明,2008/10/11,ポールソン米財務長官は、7カ国財務相中央銀行総裁会議（G7）終了後の記者会見で、市場の混乱を収拾するため、米国は必要に応じて金融機関株式を買い取る公的資金注入計画を策定している、と表明した。初めて公的資金注入計画を確認し、不良資産の買い取りと並行して、米国の銀行や金融機関への資本注入のため株式買い取りを実施すると述べた。こうした両面でのアプローチはより効果的との見方も示した。同長官は「株式買い取り計画の標準化に取り組んでおり、幅広い金融機関を対象とする」と述べた。計画は、先週議会で成立した7000億ドル規模の金融安定化法により与えられた権限を財務省が利用して実施し、民間の新規資金調達を促し、公的資金の注入を補完することを目的としているという。「株式購入を実施したり促すための標準化された計画を策定すれば、国民の税金をより効率的に使うことができる」と同長官は語った。また、「制定された法律に基づき、公的資金投入で政府が購入するのは無議決権株式だが、市場の基準として定義される投資家としての権利は保護される」と説明した。実施時期については明確にしなかったが、計画の詳細は早急に詰めるとし、「効率的に適切な方法でできるようにする。無駄に時間を費やすことはない」と語った。また、不良資産買い取りの規模と株式購入規模については明らかにしなかった。ポールソン長官はG7について、世界的な金融市場の混乱と金融機関への圧力を解消するため、積極的な行動計画をまとめ上げた、と述べた。この行動計画は、市場に流動性を提供し、金融機関を強化し、預金者を保護し、投資家保護を確実にするためのわれわれ個々の、あるいは全体での対策のための明確な枠組みを提供する、としている。,1
G7が「迅速例外的な行動」、米国は公的資金注入を表明,2008/10/11,ワシントンで開催された7カ国財務相中央銀行総裁会議（G7）は10日、欧米を中心に深刻化する金融危機の現状を「迅速で例外的な行動が必要」な緊急事態と位置づけ、金融機関に対して公的資金を活用した資本注入をはじめ「あらゆる利用可能な手段を活用する」ことを明記した行動計画を公表して閉幕した。会議後に記者会見したポールソン米財務長官は、米金融機関に対する公的資金注入計画を進めていると発表、他の出席者も世界の主要銀行保護の認識で一致したことを明らかにした。市場には、焦点となっていた米国の公的資金注入を評価する声がある一方、実効性を見極めたいとの声も多く、警戒感はくすぶりそうだ。＜資本増強は「十分な量」確保を、市場安定に「すべての必要な手段」＞今回のG7では会議の成果について、現在の金融危機の深刻さを踏まえ、これまでの総花的な共同声明から、金融問題に焦点を絞った対応策を「行動計画」として公表する異例の対応をとった。行動計画は、現在の金融危機に対して「迅速で例外的な行動が必要」と強い危機感を表明。「システム上の重要性を有する金融機関を支援し、その破たんを避けるため、断固たるアクションをとり、あらゆる利用可能な手段を活用する」と宣言した。金融市場についてもクレジット短期金融市場の機能回復に「すべての必要な手段を講じる」とともに、「モーゲージその他の証券化商品の流通市場を再開させるための行動をとる」ことで合意した。金融危機解消の有効策として期待された金融機関への公的資本注入にも言及。銀行などの金融機関が「十分な量で、必要に応じ、公的資金、そして民間資金の双方により、資本を増強することができるよう確保する」と明記した。＜米公的資金注入、広範な金融機関が対象＞こうしたG7合意を受け、対応が注目されていた米国は、ポールソン財務長官がG7終了後の記者会見で「当局の最大の目的は米金融機関の資本増強」と認め、金融機関への公的資金注入計画を進めていると表明。広範な金融機関を対象にした株式の買い取りを行うとともに、当該株は無議決権株式となることなどを説明した。同長官は公的資金の注入規模について「コメントできない」としたが、米国を震源地とした金融システム問題は、解決に向けて米国の公的資金注入の具体化実行という新たなステージに入る。,1
米政府、北朝鮮のテロ指定解除を発表,2008/10/12,米国務省は11日、北朝鮮に対するテロ支援国指定の解除を発表した。マコーマック国務省報道官は、米国と北朝鮮が核計画の検証方法で合意したことを受けた措置、と説明した。合意により、北朝鮮は核施設の無力化作業を再開し、国連および国連査察チームに施設への立ち入りを認める。ブッシュ米大統領は、今回の決定について麻生太郎首相と電話で会談し、引き続き拉致問題で日本を支援していく方針をあらためて表明した。共同通信によれば、7カ国財務相中央銀行総裁会議（G7）出席のためワシントン訪問中の中川昭一財務金融担当相は、米政府の決定について「非常に残念」と失望を表明し、「拉致問題はテロだと思っている」と述べた。,1
G20臨時会合を開催、金融危機に向け各国間の協調で一致,2008/10/12,インド、中国など新興国を含むG20の臨時会合が11日ワシントンで開かれ、最近の金融市場危機や世界経済への影響について議論した。参加国の財務相中央銀行総裁は、協調して金融危機を乗り切ることで一致した。G20では、現在の金融市場の危機や世界経済への影響を主要テーマに議論した。その結果、国際金融市場の規制や監督、総合的な機能を向上させるために各国との協調を深めることを決めた。また、足元の危機が世界に与える影響により、国際的な協力とともに、必要な国においてマクロ経済政策、流動性供給、金融機関の強化、個人預金者の保護などに継続的に取り組む必要性が高まった、としている。そのうえで、ある国の措置が他国または金融システム全体に波及することがないよう、緊密な連絡のうえで行動することで一致した。G20は、国際通貨金融委員会（IMFC）に引き続き、前日開かれた7カ国財務相中央銀行総裁会議（G7）でとりまとめた「行動計画」を支持することで合意した。,1
米大統領選、オバマ氏が4ポイントリード＝ロイター／ゾグビー調査,2008/10/13,13日発表されたロイター／C―SPAN／ゾグビーの世論調査によると、米大統領選のオバマ民主党候補の支持率が、投票の公算が大きい有権者の間で48％となり、マケイン共和党候補の44％を4ポイント上回った。12日発表の調査では、オバマ氏のリードは6ポイントだった。同調査の誤差は2.9％ポイント。,1
金融危機対策、政府日銀保有株売却の一時凍結など検討実施へ,2008/10/14,中川昭一財務金融担当相は14日の閣議後の記者会見で、7カ国財務相中央銀行総裁会議（G7）の行動計画を具体化するため、日本としての金融危機対策を発表した。「銀行等保有株式取得機構」など政府が保有する株式売却について、市場売却の一時凍結を検討実施する。さらに、日銀が保有する株式についても、同様の検討を期待するとした。同日の閣議後の記者会見で、中川財務金融担当相談話として発表した。銀行等保有株式取得機構は、2002年1月から2006年9月末にかけて、簿価で1兆6000億円の株式を取得した。同機構は、株式の取得後には徐々に放出する方針としてきたが、これを一時的に凍結する。一方で、中川財務金融相は13日夜のテレビ東京の番組で、銀行等保有株式取得機構による、銀行保有株を新規に買い取る考えにも言及した。これについて中川財務金融相は「当面の案としては、政府が持っているものを（市場に）出さないルールにするが、新規のものをどうするかについては、今後の対応の範囲だ」とするとともに「前進するという意味で、柔軟に考えていきたい」と語った。＜金融庁、空売り情報の充実自社株取得の緩和を発表＞また、中川財務金融相は、談話の中で、自社株取得の規制緩和と証券取引所の空売り情報の開示の拡充を早急に実施することも打ち出した。金融庁は同日午前、証券取引所が行っている空売りに関する情報開示を拡充させるよう要請したと発表。現行、証券取引所は空売りの売買代金情報について、全銘柄の合計を月次で発表しているが、これを日次とするとともに、33分類の業種別の日次開示も要請した。,1
米政府、約26兆円の資本注入策を発表へ,2008/10/14,複数の関係筋によると、米政府は国内金融機関に総額2500億ドル（約26兆円）の資本を注入する計画を14日に発表する。うち1250億ドルは大手9行に注入する。関係筋がロイターに明らかにしたところによると、財務省が株式を取得するのは、バンクオブアメリカ(BAC.N)、ウェルズファーゴ(WFC.N)、シティグループ(C.N)、JPモルガン(JPM.N)、ゴールドマンサックス(GS.N)、モルガンスタンレー(MS.N)、バンクオブニューヨークメロン(BK.N)の7行。さらに他のメディアによると、ステートストリート(STT.N)とメルリンチMER.Nも資本注入を受ける見通し。関係筋によると、14日発表の対策には、銀行貯蓄金融機関が発行するシニア優先債務を連邦預金保険公社（FDIC）が3年間保証することや、無利子の銀行預金の保証上限を撤廃することも盛り込まれる。関係筋は9行への資本注入について、政府が「やや強引な形で」銀行を説得したことを明らかにした。ニューヨークタイムズ紙によると、資本注入額はシティ、JPモルガンチェース、バンクオブアメリカ、ウェルズファーゴが各250億ドル、ゴールドマンとモルガンスタンレーが各100億ドル。ブッシュ政権は、今月成立した7000億ドル規模の金融安定化策で、次回利用が可能になる1000億ドル分を利用する方針を議会に正式に通知する方針。ポールソン財務長官は13日、今回の対策についてバンクオブアメリカ、ゴールドマン、シティ、JPモルガン、モルガンスタンレー、バンクオブニューヨークメロンの幹部と財務省で協議した。,1
マケイン候補、株安の影響緩和に向けた減税策など提案へ,2008/10/14,米共和党のマケイン大統領候補は14日、株式相場の下落による国民への影響を和らげるため、高齢の投資家を対象とした減税策などを盛り込んだ提案を発表する見通し。マケイン候補の経済政策顧問ダグホルツイーキン氏がロイターに明らかにした。同顧問によると、提案は総額525億ドルに上る見通し。マケイン候補は、2009年と10年について、高齢者が個人退職勘定（IRA）および確定拠出年金（401ｋ）から引き出した資金に課される税率の上限を10％に引き下げる360億ドルの案を提示する見通し。提案にはこの他、08、09税年度について、株式に関連した損失の控除額上限を引き上げる案や、1年以上保有した株式について、キャピタルゲイン税を2年間にわたって現行の半分に引き下げる案などが含まれる。,1
米大統領選、オバマ氏が6ポイントリード＝調査,2008/10/14,14日発表されたロイター／C―SPAN／ゾグビーの米大統領選に関する世論調査によると、民主党のバラクオバマ候補の支持率が投票の公算が大きい有権者の間で49％となり、共和党のジョンマケイン候補の43％を6ポイント上回った。13日発表の調査ではオバマ氏のリードは4ポイント。誤差は2.9％ポイント。15日には最後の討論会が開催される。ゾグビー社のジョンゾグビー氏は「投票まであと3週間となった今、マケイン氏に挽回の時間はあまり残されていない」としている。オバマ氏は、無党派層の支持率では、マケイン氏を17ポイントリードした。また、女性の支持率では11ポイントリードした。男性の支持率でもオバマ氏が若干リード。カトリックとヒスパニックの支持率ではリードを拡大した。オバマ氏は、マケイン氏が強いとされてきた65歳以上の有権者を含むすべての年齢層でリードした。マケイン氏は白人の支持率ではオバマ氏を11ポイントリードしているが、リードは縮小。高額所得者の支持率では小幅にリードした。,1
北朝鮮、韓国との関係断絶を示唆＝聯合ニュース,2008/10/16,韓国聯合ニュースは16日、北朝鮮メディアの情報を引用し、同国が韓国とのあらゆる関係を断絶する可能性があると報じた。韓国は北朝鮮にとって物資や資金面で主要な支援国だが、北朝鮮は、韓国の李明博（イミョンバク）大統領の対北朝鮮政策を強硬的だとして非難している。北朝鮮は数日前、核施設の無能力化作業を再開すると発表していた。北朝鮮の労働党機関紙は論説で「（李明博大統領が対決姿勢を続ければ）南とのあらゆる関係を終了させることなどを含む重大な決定を下さざるを得なくなる」と指摘した。李明博大統領は今年2月に就任したが、両国関係は国際法上では依然交戦状態にあり、同大統領が韓国による対北朝鮮支援を北朝鮮の核計画撤廃の進捗度に合わせて行う方針を示していることに北朝鮮側は反発している。,1
米政府、資本注入の対象となる中小銀行を選定へ＝関係筋,2008/10/16,米銀行関係者らによると、米政府は資本注入を受けるべき大手9行を特定した後、十分な資本を保有するものの流動性問題を抱える可能性がある中小規模の銀行の選定に取り組んでいる。公的資金注入枠の残り1250億ドルを受け取る公算の大きいこうした中小銀行は、財務省に対して支援を要請してはいない。これと対照的に、大手9行は13日、当初の1250億ドルの資本注入への署名を実質的に強制された。政府は大手9行すべてが資本注入を受けるべきであると主張することで、特定の銀行を弱体化していると名指しするのを回避した。ファイナンシャルサービシズラウンドテーブルの政府関連業務責任者、スコットタルボット氏は「金融機関は、資本の増強が、政府支援を必要としているとの印象を投資家や株主、預金者に与える可能性があることを懸念している」と述べた。同氏は「こうした懸念は、13日以前より現在に至るまで存在する」とした。財務省は銀行規制当局者とともに、1）十分な資本を持ち流動性と支払能力に問題がない銀行、2）比較的十分な資本を持つが流動性に問題を抱える可能性がある銀行、3）流動性と支払い能力のいずれについても問題がある銀行、の3カテゴリーに沿って9行以外の銀行の分類を進めるとみられる。関係者らによると、2番目のカテゴリーに該当する銀行のみが、資本注入を受ける資格を得るもよう。,1
米大統領選のテレビ討論、世論調査はオバマ氏に軍配,2008/10/16,米大統領選は15日、共和党のマケイン、民主党のオバマ両候補による最後のテレビ討論が始まった。両候補はともに労働者への支援を約束、税制改革をめぐって応酬を繰り広げた。マケイン氏は、オバマ氏が年収25万ドル以上の富裕層への増税を提案したことを批判。町の配管業者など、中小企業の経営者が大きな打撃を受けると指摘した。マケイン氏は「なぜ増税をしたいのか。いまは企業活動を奨励するときだ」と発言。オバマ氏は、自身の税制改革案では国民の95％が減税となり、増税はごく一部の富裕層に限定されると反論。マケイン氏は石油ガス企業に優遇税制を適用しようとしていると批判した。オバマ氏は「われわれはともに減税を望んでいる。違いは、誰のための減税を望んでいるのかという点だ」と述べた。マケイン候補は、金融危機への対応で世論調査の支持率が低迷しており、今回の討論会で巻き返しを図りたい考え。世論調査によると、経済問題では、オバマ氏の指導力を信頼できると回答する有権者が多く、外交や軍事を得意とするマケイン氏は苦戦を強いられている。テレビ討論は90分間にわたって行われ、終始マケイン候補が守勢に立たされた。,1
北朝鮮が核実験実施─韓国与党関係者＝報道,2009/05/25,韓国の聯合ニュースによると、韓国の与党関係者は、北朝鮮が25日核実験を実施したと明らかにした。これを受け、李明博（イミョンバク）大統領は緊急閣僚会議を招集したという。,1
北朝鮮、短距離ミサイルを発射＝聯合ニュース,2009/05/25,韓国の聯合ニュースは25日、外交筋の話として、北朝鮮が短距離ミサイルを発射したと伝えた。北朝鮮はこの日、核実験を実施したと表明している。,1
北朝鮮が核実験実施、今後想定されるシナリオ,2009/05/25,北朝鮮は25日、地下核実験を成功裏に実施したと発表した。核爆発力とコントロールを新たな段階まで強めたという。2006年10月に続く2回目の核実験により、北朝鮮の国際的な孤立は一層深まることになる。今回の核実験後に考えられるシナリオをまとめた。◎核実験は北朝鮮にとって最大の挑発行為の1つであり、国際社会に対する威嚇（いかく）はこれでいったん落ち着く可能性がある。そうなれば、今回の核実験が地域の金融市場に与える影響も短期的なもので済む可能性がある。◎2006年10月の前回核実験よりも性能面などで優れた核兵器を製造したことが今回の実験データで示されれば、近隣諸国への軍事的脅威は高まることになる。◎北朝鮮と同国最大の支援国である中国との関係は悪化するとみられる。国連安保理常任理事国である中国は、安保理による対北制裁強化に拒否権を発動しないと考えられ、北朝鮮への国際的な制裁は一段と強化されるとみられる。◎国連安保理による既存の対北制裁決議は、北朝鮮による今年4月のロケット発射を受けて実施が強化されており、北朝鮮側は今回の核実験による経済的制裁強化はすでに織り込み済みである可能性がある。◎北朝鮮は寧辺（ニョンビョン）の核関連施設を全面的に再稼動させる可能性が高い。同施設では年間に核爆弾1個分の核分裂性物質を製造することができるが、専門家によると、全施設の本格的な再稼動には約1年かかる。◎北朝鮮は核爆弾6─8個を製造するのに十分なプルトニウムを持っていると考えられているが、今回の核実験により、同国に備蓄されている核分裂性物質は大きく減少したとみられる。◎北朝鮮はオバマ米政権に核兵器保有国として認めさせ、米朝間の直接交渉に引き込もうとするとみられる。,1
日経平均が反発、北朝鮮の核ミサイル実験後も堅調に推移,2009/05/25,東京株式市場で日経平均は反発。北朝鮮が地下核実験を行ったほか短距離ミサイルを発射したと伝えられ後場は売りが先行する場面もあったが、小口の売りにとどまったほか為替が円安に振れたことで堅調に推移した。米ゼネラルモーターズ（GM）(GM.N)再建問題の行方を見守る投資家が多いなか全般は薄商い。商品投資顧問業者（CTA）など投機筋が売買の中心だったとみられている。東証1部騰落数は値上がり1200銘柄に対して値下がり370銘柄、変わらずが126銘柄。東証1部売買代金は1兆2424億円。,1
北朝鮮、韓国に対する軍事攻撃を警告＝KCNA,2009/05/27,北朝鮮は27日、韓国が米国主導の大量破壊兵器拡散防止構想に参加を表明したことを受け、韓国に対する軍事攻撃を行うと警告した。朝鮮中央通信（KCNA）は北朝鮮軍スポークスマンの発言として「われわれの平和な船舶に対する敵対的行動は、われわれの主権に対する容認できない侵害と受け止め、われわれは直ちに強力な軍事攻撃で対応する」と伝えた。,1
北朝鮮が韓国への軍事攻撃を警告、船舶臨検をけん制,2009/05/27,北朝鮮は27日、韓国が米国主導の大量破壊兵器拡散防止構想（PSI）に参加を表明したことを受け、韓国に対する軍事攻撃を行うと警告した。北朝鮮軍のスポークスマンは、米国がPSIに伴う船舶の臨検に韓国を引き入れたことは朝鮮戦争の休戦協定を無視しているとし、北朝鮮はもはや、同休戦協定には拘束されないと述べた。朝鮮中央通信（KCNA）は、同スポークスマンの発言として「われわれの平和な船舶に対する敵対的行動は、主権に対する容認できない侵害と受け止め、直ちに強力な軍事攻撃で対応する」と伝えている。これに先立ち、27日付の韓国朝鮮日報は、北朝鮮が兵器レベルのプルトニウム抽出のため、寧辺(ニョンビョン)の核施設を再稼働させたと報じていた。北朝鮮が25日に実施した核実験に対しては、国連安全保障理事会が新たな決議案の作成に向け作業を始めている。,1
北朝鮮が韓国への軍事攻撃を警告、PSI参加表明に反発,2009/05/27,北朝鮮は27日、韓国が米国主導の大量破壊兵器拡散防止構想（PSI）に参加を表明したことを受け、韓国に対する軍事攻撃を行うと警告した。北朝鮮軍のスポークスマンは、米国がPSIに伴う船舶の臨検に韓国を引き入れたことは朝鮮戦争の休戦協定を無視しているとし、北朝鮮はもはや、同休戦協定には拘束されないと述べた。朝鮮中央通信（KCNA）は、同スポークスマンの発言として「われわれの平和な船舶に対する敵対的行動は、主権に対する容認できない侵害と受け止め、直ちに強力な軍事攻撃で対応する」と伝えている。これに先立ち、27日付の韓国朝鮮日報は、北朝鮮が兵器レベルのプルトニウム抽出のため、寧辺（ニョンビョン）の核施設を再稼働させたと報じていた。北朝鮮が25日に実施した核実験に対しては、国連安全保障理事会が新たな決議案の作成に向け作業を始めている。,1
米経済に二番底リスク、景気低迷数年続くとの見方も,2009/05/27,市場関係者の間で、米国の景気低迷と高失業率が数年続くのではないかとの見方が出ている。景気対策の効果が薄れれば、景気が二番底に陥るリスクがあるという。米経済については年内にいったん緩やかな回復が始まり、来年も小幅な回復が続くとの見方が多いが、信用収縮の影響で、企業や家計の借り入れ支出は危機前の水準を回復していない。政府は大規模な景気対策を打ち出しているが、財源には限りがある。国債増発への懸念が強まれば、追加の景気対策策定が難しくなる可能性もある。バンクオブアメリカセキュリティーズメリルリンチのグローバルクレジット戦略担当責任者、ジェフリーローゼンバーグ氏は「景気対策の効果が薄れれば、民間セクターは、再び景気後退（リセッション）のような状態になるだろう」と指摘。同氏は、金融機関が危機を脱却するまで、経済成長率は0.5─1.5％で推移すると予想。金融機関の危機脱却にはあと3年かかるとの見方を示した。同氏の予測は、政府の予測を大幅に下回っている。オバマ政権は来年の経済成長率を3.2％と予測。成長率は2012年までに4.6％に達するとの見通しを示している。株式市場も楽観的なムードが強い。S&P総合500種指数は3月初旬の安値から30％以上値上がりしている。二番底シナリオは（1）金融機関の回復に数年かかる（2）家計が借り入れ消費を控える（3）政府債務の拡大で金利が上昇する──ことを前提にしている。,1
ロシアが核戦争に備え予防的警戒措置、北朝鮮の核実験受け,2009/05/27,ロシアは、北朝鮮の核実験を受け、核戦争に発展する可能性に備え、予防的に警戒態勢をとっている。インタファクス通信が27日、匿名の関係筋の話として報じた。関係筋は、25日の核実験が引き起こした緊張状態によって北朝鮮と接するロシア極東地域の安全が脅かされる可能性があるとして、「予防的な措置を適切に講じる必要性が生じた」と述べた。また「われわれが話しているのは軍備の増強ではなく、朝鮮半島で核兵器の使用を伴う軍事衝突などが起きた場合への対応だ」と述べた。ロシアのタス通信によると、ロシア外務省関係者は、北朝鮮との「神経戦」を軍事衝突に発展させるべきではないとし、「自制が必要だ」と述べた。ロシアではメドベージェフ大統領が北朝鮮の核実験を非難した一方、外務省は国際社会が決定を急ぐことを警告している。インタファクス通信によると、関係筋は、国連安全保障理事会の常任理事国として拒否権を有するロシアが、今回の北朝鮮の行動をめぐる決議について最終的な対応を固めてないことを明らかにした。一方、タス通信によると、外務省関係筋は「(安保理）決議は制裁に似た措置を含む可能性が高い」と語り、ロシアが北朝鮮への制裁を支持する可能性を示唆した。,1
景気回復の実感広がりで衆院選勝利へ＝菅自民選対副委員長,2009/05/27,鳩山新体制後の民主党支持率上昇はご祝儀で今がピークだと指摘。総選挙では「政権担当能力」を問うとし、民主党の社会保障の財源論や安全保障などの不明瞭さを訴えていく考えを強調した。民主党は小沢体制から鳩山新体制に移行して、政党支持率が上昇。鳩山由紀夫代表が選出された直後の朝日新聞の世論調査（5月16、17日）では、衆院比例区の投票先は民主が38％で前回調査（4月18、19日）の32％から上昇し、自民は25％と前回の27％から低下、民主の優勢が強まった。政党支持率でも、民主が26％（前回21％）と増え、自民の25％（同25％）と並び、望ましい政権の形は「民主中心」45％（同41％）、「自民中心」28％（同29％）で、民主中心がさらに差を広げた。しかし、菅氏は世論調査での民主党支持率の上昇は「ご祝儀だ」とし、「結局、小沢さんがやりやすい体制を作っただけという姿がみえてくる、今がピークだ」と一蹴した。他方で08年度第1次補正予算、第2次補正予算、09年度予算、09年度補正予算と、これまで講じてきた累次の経済対策の効果が奏功し「日本経済にようやく下げ止まりの雰囲気が出てくる」と期待。地方議会での手続きを経て、08年度第2次補正予算と09年度予算の経済効果が6月以降出てくることから「6月以降、実感として景気がよくなり始めたと感じてもらえれば、選挙は負けない」と自信を示した。解散総選挙の時期については、麻生太郎首相の判断としながらも「29日ごろには補正予算が成立。予算関連法案のほか、消費者庁設置法案、海賊行為対処法案などの重要法案などを全て成立させてからで良いのではないか。急ぐ必要はない」と述べるにどどめた。政権選択となる次期衆院選での目標獲得議席数については「与党で、過半数維持が最低（ライン）」とし、自民党単独で「比較第一党」を挙げた。与党で過半数を確保しても、郵政解散で獲得した3分の2議席に及ばない事態になれば、衆参ねじれ国会の中で、政権運営は暗礁に乗りかねない。しかし、選挙後の政権運営について、菅氏は「大丈夫。小沢さん（前民主党代表）は選挙だ選挙だと言って、話し合いなしできた。しかし、選挙が終わればルールができる。国民のためにもルールを作るべきだ」と述べ、選挙後の政権運営についても自信を示した。社会保障制度維持のための安定財源として検討されている消費税増税問題が争点化する可能性については「責任ある社会保障を主張するとき、財源をきちんと示すことは大事」としながらも、今は景気対策に全力を挙げているとし「3年終わって景気が良くなっていれば、行政改革などを行った上で考えたいということだ」と述べるにとどめた。（ロイターニュース吉川裕子記者藤岡知紗記者）,1
米財務長官、来週初めに中国国家主席首相と会談へ＝財務省,2009/05/28,ガイトナー米財務長官は来週初め中国を訪れ、胡錦濤国家主席や温家宝首相らと会談する。米財務省が27日発表した。長官は週末に北京に向かい、来週初めから2日間の予定で行われる会合に臨む。会合では、米中間の安定的かつ均衡の取れた成長の促進や、世界経済の回復を後押しする方策などが話し合われる予定。,1
GM債務削減、引き続き債券保有者との合意目指す＝ホワイトハウス,2009/05/28,米ホワイトハウスは27日、ゼネラルモーターズ（GM）(GM.N)と債券保有者の債務削減交渉が不調に終わったことについて、引き続き合意を目指す考えを明らかにした。GMの債務株式化提案は26日、圧倒的多数の債券保有者が拒否したことで不成立となった。これを受け、政府への事業再編計画の提出期限である6月1日までにGMが破産法の適用を申請する可能性が高まった。しかし、オバマ政権はまだ望みを捨てていないとの姿勢を示した。ギブズ大統領報道官はこの日、自動車作業部会を中心とする取り組みについて具体的な内容は明らかにしなかったものの、まだすべき仕事があると述べた。「GMの（事業）継続に向け、われわれはすべての利害関係者との合意を目指して取り組んでおり、進展が見られる。これについて近いうちに報告できることを期待する」と語った。,1
オペル提携交渉は成果なし、29日までの合意期待＝独経済相ら,2009/05/28,ドイツのグッテンベルク経済技術相やシュタインブリュック財務相は28日、ベルリンで12時間以上にわたって行われた米ゼネラルモーターズ（GM）(GM.N)傘下オペルの提携交渉が、成果なく終了したことを明らかにした。グッテンベルク経済技術相は交渉終了後記者団に、ドイツ政府は29日までにGMと米政府からの回答が必要だと語り、それまでに合意が成立することに期待を表明した。一方、シュタインブリュック財務相はオペルの買い手候補から投資会社RHJインターナショナルRHJI.BRが消え、フィアットFIA.MIとマグナMGa.TOが残ったことを明らかにした。,1
オペル支援協議は成果なく終了、29日にも合意期待＝独経済相ら,2009/05/28,ドイツのグッテンベルク経済技術相やシュタインブリュック財務相は28日、ベルリンで12時間以上にわたって行われた米ゼネラルモーターズ（GM）(GM.N)傘下オペルへの支援をめぐる協議が、成果なく終了したことを明らかにした。シュタインブリュック財務相は、オペルの売却について、買い手候補から投資会社RHJインターナショナルRHJI.BRが消え、伊フィアットFIA.MIとカナダの自動車部品大手マグナMgaが残ったと述べた。ただ、提携合意がまとまるまでのオペルへのつなぎ融資をめぐっては合意に至らず、独閣僚はこれについてGMと米財務省を非難。グッテンベルク経済技術相は、合意のためには29日までに米財務省からの回答が必要だとし、きょうの段階でつなぎ融資にコミットできる条件は整っていないと述べた。独政府は、GMの破産法適用申請に備え、オペルに対して15億ユーロ（21億ドル）のつなぎ融資を提供する方針を示しているが、融資の条件として米政府とGMがオペル資産の一時的な信託化に同意することを挙げている。資産の信託化により、オペルは自社が持つ特許や技術をGM債権者から保護することが可能になる。シュタインブリュック財務相は、オペル存続のための合意が29日にもまとまることを期待していると語った。,1
軍事緊張あおる北朝鮮、高まる核拡散リスク,2009/05/28,北朝鮮は25日に核実験を実施したと発表、27日には兵器レベルのプルトニウム抽出のため、寧辺(ニョンビョン)の核施設を再稼働させたとの情報も伝わった。世界の安全保障にとって深刻な脅威となり得る核拡散への懸念が広がっている。◎核拡散で北朝鮮が果たす役割は武器輸出は北朝鮮にとって貴重な外貨獲得手段であり、西側諸国と敵対する「ならず者国家」とのつながりを深める手段にもなっている。こうしたことから、北朝鮮は、核兵器の製造技術や材料、知識をより高い値段で他国に売ることを強く望んでいる。2回目の核実験実施で、北朝鮮の核に対する潜在的買い手の関心は、さらに大きくなるとみられる。米国のシンクタンク、外交政策分析研究所による今年の調査では、北朝鮮のミサイル輸出額は年間15億ドル前後に上ると推測されている。北朝鮮のミサイル技術はすでに、パキスタンやリビア、イラン、シリア、エジプトに輸出されている。◎北朝鮮から核の支援を求めそうな国はどこか西側当局が最も警戒するのは、核保有能力に意欲を示すイランとシリア。米政府は北朝鮮がすでに、ミサイルとミサイル技術をイランに、核関連技術をシリアに輸出したと指摘している。イスラエルは2007年にシリアで複数の施設に空爆を行ったが、米政府は後に、この施設が北朝鮮の支援を受けた原子炉だったとの疑いを示している。シリアはこの見方を否定しているが、国連の査察団は同施設からウランの痕跡を発見。シリア側は本格的な調査を拒んでいる。専門家らによると、シリアは核兵器の製造を目的にプルトニウム生産炉を建設していた可能性が高いという。,1
米韓、北朝鮮への監視態勢を強化,2009/05/28,韓国軍と米軍の連合司令部は28日、北朝鮮に対する監視態勢を1段階引き上げたことを明らかにした。北朝鮮が韓国への軍事攻撃を警告しているため。今回引き上げられた監視態勢レベルは、北朝鮮から深刻な脅威があることを示すもので、北朝鮮が初めて核実験を行った2006年10月以降で最高のレベルとなる。,1
国連安保理の対北朝鮮制裁決議草案、核実験を強く非難,2009/05/29,国連安全保障理事会（安保理）は、北朝鮮への制裁決議で核実験を強く非難し、既存の対北朝鮮制裁の徹底を加盟国に促す見通し。ロイターが28日、制裁決議の草案を入手した。草案で安保理は、北朝鮮が5月25日に実施した核実験は過去の決議違反と、これまでになく強く非難。すべての加盟国に決議1718に盛り込まれた措置の即時実施を求める、としている。草案は日本と米国が準備したもので、28日に常任理事国と日本、韓国の間で協議が行われる。,1
オバマ米大統領、パレスチナ国家樹立に支持表明,2009/05/29,オバマ米大統領は28日、訪米中のアッバスパレスチナ自治政府議長と会談し、パレスチナ国家樹立に向けた米国の支援を表明する一方、イスラエルに入植地建設の中止を強く求めた。オバマ大統領は中東和平プロセスの再開を目指しており、10日前にはイスラエルのネタニヤフ首相をホワイトハウスに招いた。ネタニヤフ首相は、入植やパレスチナ建国問題について米国と対立しており、ヨルダン川西岸入植地建設の全面中止に対しても難色を示している。オバマ大統領は、今後もネタニヤフ首相に働きかけていくと明言し、「私は2国共存の考え方を強く支持している」と語った。さらに大統領は、2003年に決定された中東和平への「ロードマップ」が責務としている項目には「入植地建設の中止と、存続可能なパレスチナ国家の確実な建国」が含まれていると強調。そのうえで、パレスチナには治安部隊の強化と反イスラエル行動の煽動を自制する必要があると述べた。,1
北朝鮮が短距離ミサイル発射、さらに行動起こす可能性,2009/05/30,朝鮮中央通信（KCNA）によると、同国報道官は「国連安保理がさらなる挑発を行えば、追加の自衛的措置をとるしか選択肢がなくなる」と述べた。こうしたなか、米国防総省のモレル報道官は、北朝鮮の軍事活動が強まっている兆候は見受けられないと指摘。「過去数日間にわたる挑戦的な発言に伴う軍の特別な動きはみられない」と述べた。北朝鮮は今週核実験を実施したのを皮切りに、相次いで短距離ミサイルを発射している。,1
米GM、6月1日取引開始前に破産法申請へ,2009/06/1,関係筋によると、米ゼネラルモーターズ（GM）(GM.N)は、6月1日の市場取引開始前に、ニューヨーク南部地区で破産法の適用を申請する。「旧GM」資産の清算責任者にはAl Koch氏を指名する方針。カナダ政府とオンタリオ州政府は新生GMの株式または社債を取得する見通しだが、詳細については協議が続いている。,1
米GM、破産法申請へ最終調整,2009/06/1,米自動車大手のゼネラルモーターズ（GM）(GM.N)と米政府は、再建に向けた最終調整を行った。債務株式化の修正案には過半の同意が得られ、GMは6月1日に米連邦破産法第11条（日本の民事再生法に相当）を申請する見通しとなった。政府は「新生GM」に追加支援を行い株式の3分の2以上を保有する見通し。オバマ大統領は6月1日、GMをめぐる次の措置を発表する。GMが破産法の適用を申請すれば、製造業では米史上最大、全産業ベースでは史上3番目の規模となる。GMはニューヨークで、破産法の適用を申請する見通し。ライバルのクライスラーは、イタリアフィアットFIA.MIとの提携など裁判所監督下での再建が最終段階に入っている。GMは1980年代初頭には米市場シェアの45％を握っていた。ただしその後は、製品群がトラックに偏っていたことなどを背景にシェアを失い、2008年のクレジット危機では需要の急減速に見舞われた。GMは全米自動車労組（UAW）と労働条件見直しで合意、傘下のオペル救済でも独政府などと合意するなど、先週から早期再建に向けた調整を加速させている。再建の焦点となる債務株式化修正案をめぐっては、全体（272億ドル）の約54％が支持姿勢を示しているという。オバマ米大統領は、週末放映されたNBCとのインタビューで、GMの経営に「本当は関与したくないが」、無秩序な破たんを回避するためには、政府が経営を一時的に引き受けざるを得ないとの考えを示した。,1
米GMが6月1日の取引開始前に破産法適用申請へ,2009/06/1,米自動車メーカー、ゼネラルモーターズ（GM）(GM.N)は、6月1日の市場取引開始前に米連邦破産法の適用を申請する見込みであることが、複数の関係筋の話で明らかになった。6月1日は債務削減をめぐる債権者との合意期限。ある関係筋は、GMが、クライスラーの再建手続きを扱っているニューヨーク南部マンハッタンの破産裁判所に申請するとの見通しを示した。申請にあたり、GMは「旧GM」資産の清算責任者として企業再生の専門家Al Koch氏を指名する方針。カナダ政府とオンタリオ州政府は新生GMの株式または社債を取得する見通しだが、詳細については協議が続いている。,1
米国とキューバ、移民協議の再開で合意,2009/06/1,米政府当局者によると、米国とキューバは、2003年以来中断している移民協議の再開で合意した。両国はまた直接の郵便サービスについても話し合う見通しという。米政府が先週、移民協議の再開を提案。キューバ政府も受け入れた。中南米各地を歴訪中のクリントン米国務長官は、エルサルバドルで記者団に対して、キューバに対する新たなアプローチの一環、と述べた。,1
米GMは1日に破産法申請、政府が60％株取得へ,2009/06/1,米政府高官によると、米ゼネラルモーターズ（GM）(GM.N)は6月1日に連邦破産法の適用を申請する。3カ月以内での再建を目指す。米政府は500億ドルの支援と引き換えに60％の株式を取得する。この500億ドルは、政府が今年すでに拠出した約200億ドルを含めた数字。同高官は、これ以上の資金援助は行わないと述べた。同高官は「政府は必要以上の期間にわたって企業の株式を保有するつもりはない。できる限り早期に、株式を売却する意向だ」としている。カナダはGMに95億ドルを融資し、約12％の株を取得する見通し。全米自動車労組（UAW）の退職者向け医療保険基金は譲歩の見返りに17.5％の株を取得、無担保債券の保有者は10％を取得する。労組と債券保有者はワラントを取得し、GM株式の買い増しも可能となる。一方、大手銀行など有担保債権者は100％の弁済を受けるという。GM取締役会は政府が主導。UAWとカナダは、1人ずつ派遣する。GMは破たん手続き中も通常通り業務を実施し、従業員への給与支払いなども通常通りに行われる。また、年金プランも維持される見通し。GMは、破産法の適用申請後、サプライヤーへの支払いや顧客向けの保証履行について、裁判所の許可を求める計画。GMの破たんによりフランチャイズ契約を失うディーラーは、1年半以内に事業を停止する。,1
米政権、新生GMの取締役を選出へ＝政府高官,2009/06/1,米オバマ政権は、新生ゼネラルモーターズ（GM）(GM.N)の取締役を選出するとともに、意思決定における政府の役割を制限する方針。ある政府高官が明らかにした。同高官は「日々の経営について政府が干渉したりコントロールすることはない。政府の人間が取締役会に加わることもない」と述べた。ヘンダーソン最高経営責任者（CEO）は留任するという。現在12人の取締役のうち他のメンバーは、オバマ政権とクレサ会長（暫定）との話し合い後慰留されることになる。新たな取締役会の顔ぶれについては、過去数週間憶測が飛びかっているものの、新生GMが破産法手続きを完了するまでに大幅に増員されるという。同高官は「候補となるのはビジネスリーダーやCEO、CEO経験者、貢献可能な関連の経験をもつ他分野の人材だ。政治的背景などは関係ない」と述べた。オバマ政権は、5月に新生クライスラーの会長に指名したロバートキダー氏を候補として指名した。同氏はプライベートエクイティの投資家かつコンサルタントの経験があり、フォードモーター(F.N)とも仕事をした経歴をもつ。また、全米自動車労組（UAW）の退職者向け医療保険基金のほか、カナダ政府も95億ドル融資の見返りに取締役1人を送りこむことになる。,1
北朝鮮、大陸間弾道ミサイル発射実験を今月中にも実施＝朝鮮日報,2009/06/1,北朝鮮は米国の領土が射程圏に入る長距離弾道ミサイルの発射実験を、今月中にも実施する可能性がある。韓国の朝鮮日報が1日、報じた。朝鮮日報は韓国の情報機関筋の情報として、北朝鮮が射程距離4000─6500キロメートルの大陸間弾道ミサイルを、同国西岸部のミサイル基地から発射する準備を進めていると伝えた。同紙は情報筋の1人の発言として「発射準備作業は6月半ばには完了する見通しだ」と伝えた。2週間ほど前にミサイルを載せた鉄道車両が、平壌付近から中国国境に近い北朝鮮西岸部のミサイル基地に向けて出発したという。北朝鮮は前週、2度目となる核実験を実施。その後短距離ミサイルも数発発射した。これに先立つ4月には、北東部の舞水端里（ムスダンリ）から長距離弾道ミサイル「テポドン2」発射実験を行っている。,1
米破産裁判所、クライスラーのほぼ全ての資産売却を承認,2009/06/1,米破産裁判所は1日、クライスラー再生に向け、同社のほぼ全ての資産売却を承認した。破産裁判所のゴンサレス裁判官は、全米自動車労組（UAW）傘下の医療保険基金が株式68％を保有することになる新会社に対し、総額20億ドルのクライスラーの資産売却を承認した。新会社の株式は、UAWの医療保険基金の他、フィアットFIA.MIが20％、米政府とカナダ政府が合わせて12％取得する予定。クライスラーの資産売却は、米ゼネラルモーターズ（GM）(GM.N)が連邦破産法11条の適用を申請するとみられるわずか数時間前に承認された。4月30日に連邦破産法11条の適用を申請したクライスラーの再建は、より規模が大きく複雑な問題をはらむGM再生の試金石ともされている。,1
北朝鮮問題、6カ国協議以外の解決策は模索せず＝米国防長官,2009/06/1,米国のゲーツ国防長官は1日、北朝鮮に核開発を断念させるために6カ国協議以外の解決策を模索してはいない、と明らかにした。米政府当局者は前週、ゲーツ長官が韓国や日本に対し、北朝鮮問題については外交を通じた解決策が望ましいが、それがうまくいかなければ他の対策を検討する可能性を指摘した、と述べていた。ゲーツ長官は、当地で記者団に対し「東京やソウル、モスクワ、北京を訪問しているわれわれのチームが、前進するために幅広い合意を得ることができないとは考えていない」と述べた。,1
北朝鮮の金総書記、三男正雲氏を後継者に決定か,2009/06/2,北朝鮮の金正日総書記が同国幹部らに対し、三男である金正雲氏に忠誠を誓うよう求めたことが分かった。韓国の複数のメディアや国会議員が2日明らかにした。金総書記の後継者に正雲氏が選ばれたことを示唆している。現在67歳の金総書記は、昨年8月に脳卒中で倒れたとされており、後継者問題に世界的な注目が集まっている。アナリストの間では、核実験など最近の北朝鮮の軍事活動は、後継者指名に向けた金総書記の権力固めを狙ったものとの見方も浮上している。韓国の報道機関が複数の情報筋の話として伝えたところでは、金正日総書記は国内幹部や在外公館に対し、金正雲氏に忠誠を誓うよう求めた。また、韓国の国会情報委員会に所属する民主党の朴智元議員は、声明で「こうした動きや（正雲氏への）忠誠を求めたことについて、韓国政府から連絡を受けた」としている。朴議員は情報源を特定することは差し控えたが、聯合ニュースによると、韓国の情報機関である国家情報院が1日夜、同議員を含む複数の国会議員に対し、北朝鮮の後継者問題を伝えていたという。正雲氏は1983年か1984年初めに生まれたとされ、スイスで教育を受けた。情報機関筋によると、3人の息子のうち最も有能とみられている。正雲氏についての情報は極めて少ないが、年功序列が重んじられる北朝鮮では、若さが問題になる可能性を指摘する声もある。聯合ニュースはある情報筋の話として、金総書記が正雲氏への忠誠を求めたのは、5月25日の核実験直後だったとしている。また、東亜日報によると、別の情報筋は「北朝鮮指導部が主要治安当局の政府高官に対し、3代にわたる世襲の正当化に重点を置いた教育を行っている」と語ったという。,1
北朝鮮、中距離ミサイル発射を準備＝聯合ニュース,2009/06/2,韓国の聯合ニュースが議員の話として2日伝えたところによると、北朝鮮は、韓国全土と日本の大半が射程に入る中距離ミサイルの発射に向け準備を進めている。聯合ニュースによると、この議員は防衛当局者からの説明の後、北朝鮮が同国南東部の基地で中距離ミサイル発射の準備をしていると述べたが、詳細は明らかにしなかった。ソウル株式市場の総合株価指数は、この報道後にそれまでの上げから押し戻され、一時マイナスに転じた。その後プラスに戻したが、0.16％安で終了した。,1
英銀行の融資基準、厳格化するとの国内企業の見方が減少,2009/06/2,英産業連盟（CBI）が国内企業を対象に実施した調査によると、銀行が今後3カ月融資基準を厳格化するとの見方は3月調査時から減少した。調査によると、今後新規融資の基準がより厳格になるとの見方はネットで7％となった。3月調査時はネットで36％の企業が融資の厳格化を予想していた。CBIの首席経済アドバイザー、イアンマッカフェティー氏は「与信状況は引き続き懸念されるが、数カ月前ほど深刻ではない」との見方を示した。5月までの3カ月間については、ネットで10％の企業が既存のクレジットの状況が悪化していると回答。3月調査時の16％から減少した。新規クレジットに関しては、融資基準が厳格化したとの回答はネットで20％となった。5月までの3カ月間の新規および更新後の与信枠について、借り入れ金利が1％ポイントかそれ以上上昇したとの回答は27％だった。3月の調査時は33％だった。3月にイングランド銀行（英中央銀行）が利下げを行ったにもかかわらず、借り入れ金利が低下したとの回答は10％にとどまった。,1
北朝鮮が長距離ミサイルの組み立て準備―政府筋＝韓国紙,2009/06/3,3日付の韓国紙、中央日報が政府筋の話として報じたところによると、北朝鮮は、米国に到達する射程距離をもつ大陸間弾道ミサイルを6月中旬にも発射する計画でミサイルの組み立て準備を進めている。北朝鮮はまた、少なくとも3―4発の中距離ミサイルの発射実験に向け準備しているとみられている。政府筋は「大陸間弾道ミサイルは隠されているのではっきりは分からないが、4月に発射されたテポドン2号に似ており、それより長い」と語った。同筋によると、ミサイルは、組み立てのため、黄海側の東倉里に新たに建設されたミサイル発射施設の格納庫に移動され、北朝鮮は発射に向けた作業を急いでいるもよう。,1
ECB、資産価格上昇を未然に防ぐ手段を模索,2009/06/3,欧州中央銀行（ECB）の政策担当者は、世界経済に打撃を与えた資産バブルを未然に防ぐため、たとえ物価が安定していても、資産価格の上昇を阻止する手段を駆使するかを巡り議論を重ねている。この種の資産バブルの崩壊を未然に防止することは、ECBが掲げる消費者物価目標が脅威にさらされていなくても、金利を引き上げることを意味する。この戦術はまた、ユーロ圏全体の経済成長を減速させることにもなる。最近のECB政策担当者のコメントでは、インフレ防止戦略を拡大するかどうか積極的に検討していることがうかがえる。米国で顕著にあらわれた、不動産価格の急激な高騰とその結果起きる市場の崩壊は、世界的な景気後退（リセッション）につながる一連の出来事を引き起こした。政策担当者と学識者との間では、中央銀行が資産バブルを、崩壊する前に効果的に抑制できるかについて、意見が対立している。一部の政策担当者は、ドットコムバブルの時のようにバブルを処理できるのは事後に限るとみている。しかし、現在の状況は、ユーロ圏を含め大方の先進国経済が深刻なリセッションと失業者の急増に見舞われているため、かなり深刻だ。パパデモス副総裁のほか、理事会メンバーのウェーバー独連銀総裁とノワイエ仏中銀総裁らECB幹部は最近の発言で、金融政策を策定する上で資産価格をより考慮することについて言及している。パパデモス副総裁は先週、「われわれが検討材料に組み入れることを決めたのは、資産価格の動向を綿密に注視することだ」と述べた。,1
ロシア、北朝鮮への経済制裁を支持する可能性示唆,2009/06/4,北朝鮮の核実験を受けた国連安全保障理事会の決議案交渉が続くなか、ロシアのメドベージェフ大統領は、北朝鮮への経済制裁を支持する可能性があることを示唆した。決議案をめぐる安保理の交渉は、ここ1週間以上、続けられている。通常、ロシアと中国は制裁に消極的な立場。ただメドベージェフ大統領は、北朝鮮への制裁決議案に向けた米主導の努力を支持する準備があると示唆した。大統領はCNBCで発言、大統領府が原稿を公開した。ロシアのメドベージェフ大統領は「われわれは、提示されたこうした提案を支持し、起きたことを非難する深刻な内容の新決議案を受け入れる。こうした（核開発）プログラムを阻止するために、経済面を含めた一定のメカニズム導入を考える用意がある」との姿勢を明らかにした。メドベージェフ大統領は「わが国は常に、北朝鮮の指導部とは非常に良好な関係を保ってきたが、このところ起きたことは非常に大きな懸念材料。核保有国が増えることは、絶対に受け入れられない」と述べた。,1
英雇用年金相が辞意表明、ブラウン首相に辞任要求＝英紙,2009/06/5,パーネル英雇用年金相は4日、タイムズ紙に掲載された書簡の中で辞意を表明するとともに、ブラウン首相に対し、次期総選挙での与党労働党の勝率を高めるために辞任するよう要求した。英閣僚の辞任は今週3人目。書簡はブラウン首相の権威を直接批判するもので、与党内で党首降ろしの動きが強まる可能性がある。パーネル雇用相は書簡で、ブラウン首相がリーダーの座にとどまれば、次期選挙で保守党勝利の可能性が高まるとの見方を示し、「労働党に勝利のチャンスを与えるため辞任を求める」と表明した。複数の報道によると、労働党議員の約5分の1に当たる最大75人が、ブラウン首相の辞任を求める書簡に署名する意向を示しているという。ただ、これらの議員の名前は明らかになっていない。ブラウン首相は近く内閣改造を行う予定だが、これによって首相の支持基盤は強化されるどころか、一段と不安定になる恐れがある。英首相府はタイムズ紙の報道について、現段階でコメントを発表していない。雇用年金省のコメントも得られていない。労働党は、深刻なリセッション（景気後退）を背景に世論調査での支持率が低迷しているが、ここ数週間は、国会議員による経費不正請求問題で他の主要政党とともに信用が失墜している。,1
リオがBHPと豪鉄鉱石事業を統合、中国アルミとの提携撤回,2009/06/5,英豪系資源大手のリオティント(RIO.AX)(RIO.AX)とBHPビリトン(BHP.AX)(BLT.L)は5日、両社のオーストラリア国内での主要鉄鉱石事業を統合すると発表した。またリオティントは同日、中国アルミ業公司（チャイナルコ）からの195億ドル規模の出資受け入れ計画を撤回し、債務圧縮のため152億ドル規模の株主割当増資を実施すると発表した。BHPとリオティントは国内主要事業を統合し、折半出資の合弁会社を立ち上げることで合意した。統合により、少なくとも100億ドルの経費節減を見込んでいる。BHPは昨年、リオティント買収提案を取り下げていたが、今回の合意ではリオに対し58億ドルを支払い、合弁会社株式の50％を取得する。ただ現段階で合意には拘束力がないと強調している。ショーストックブローキングのシニアトレーダーは「絶えず可能性があるものだとされていたが、今回実現した」と述べた。合意発表を受け、両社の株価はBHPが9％超、リオも10％それぞれ急伸した。＜大幅経費節減＞リオティントは、両社の事業統合により鉄鉱石の合弁事業では100億ドル以上の経費節減ができるとしている。ノースウォードキャピタルのポートフォリオマネジャーは両社の合意について「コスト削減とシナジー効果が見込めるため、両社にとっては極めてポジティブなものになろう」と述べた。,1
米国、対北朝鮮金融制裁の発動準備を通達＝報道,2009/06/5,米国は先週核実験を実施した北朝鮮に対し、非合法な武器の取引と偽造活動への関与を理由に金融制裁の発動を準備していることを、韓国に通達した。韓国の朝鮮日報が5日、報じた。北朝鮮が4月に長距離ミサイルの発射実験を実施して以来、朝鮮半島地域をめぐる緊張が高まっている。そうしたなか同国は4日、3月以来身柄を拘束している米国籍の女性記者2人の裁判を開始した。2人はゴア元米副大統領が設立にかかわっている米ケーブルテレビ「カレントTV」所属のローラリン記者とユナリー記者で、アナリストの間では、北朝鮮はこの2人の処遇を米国との交渉の切り札に使おうとしているとの見方が出ている。韓国を訪問していたスタインバーグ米国務副長官は4日間の日程を終え、5日に次の訪問先の中国に向かう予定だが、同副長官の韓国訪問には、スチュアートレビー財務次官（テロリズム金融情報担当）が同行していた。レビー氏は米前政権時代から同ポストにあり、2005年に米国がマカオの銀行「バンコデルタアジア（BDA）」を資金洗浄と北朝鮮の不正資金取り扱いの疑いでブラックリストに掲載する措置の発動に関与していた。この措置により、北朝鮮は国際金融取引から事実上締め出されている。朝鮮日報は、韓国大統領府関係筋の話として「スタインバーグ国務副長官の一行は、李明博（イミョンバク）大統領や政府高官との会合のなかで、米国が独自に準備している北朝鮮に対する経済措置を中心とする制裁措置について説明した」と伝えた。同紙は「バンコデルタアジアのケースは銀行1行に対してのみの措置だったが、今回は北朝鮮の大量破壊兵器の取引に関与が疑われる複数の銀行にかかわる措置」となるもようだとしている。また朝鮮日報は外交関係筋の話として、「カレントTV」の記者2人に、大方の予想通りに有罪判決が下された場合、両記者の釈放を訴えるために、今週末にもゴア元副大統領が平壌を訪れる可能性があると報じた。,1
北朝鮮、南北経済協力事業に関する協議提案＝韓国,2009/06/5,韓国統一省が5日明らかにしたところによると、北朝鮮は、南北経済協力事業の開城工業団地に関する実務者協議を来週開催することを提案した。北朝鮮は先週核実験を実施。韓国への攻撃を繰り返し警告しており、南北間の緊張が高まっている。北朝鮮は先月、開城工業団地の契約無効を宣言している。,1
米大統領が8日景気対策強化について発表＝副大統領,2009/06/6,バイデン米副大統領は5日、朝方発表された5月の雇用統計で非農業部門雇用者数の減少幅が予想を大幅に下回ったことについて、心強い兆候であると述べた。ただ、米経済がリセッションから脱却するまでの道のりは依然長いとの見方を示した。また副大統領は記者団に対し、オバマ米大統領は8日、向こう数カ月をかけての景気回復に向けたプロジェクトを「強化する」計画を発表する予定であると述べた。バイデン副大統領は、オバマ政権は毎月の雇用数が増加に転じるまでは満足しないと述べ、「大統領と自分は8日、夏にかけての景気対策実施の強化に向けた計画を発表する」と語った。,1
北朝鮮、制裁決議採択なら「非常手段」で報復＝労働新聞,2009/06/8,北朝鮮朝鮮労働党の機関紙、労働新聞は8日、国連安保理が同国への制裁決議を採択すれば、「非常手段」で報復すると表明した。北朝鮮をめぐっては、クリントン米国務長官が7日、北朝鮮を「テロ支援国家」に再指定することを検討していると発言。国連安保理も、核実験を非難する決議案を今週にも採択する可能性があるが、一部の理事国は厳しい制裁には慎重な姿勢を示している。労働新聞は「わが国への制裁は宣戦布告とみなし、強硬な非常手段で対応する」との論評記事を掲載した。,1
北朝鮮、米国人記者2人に不法入国の有罪判決＝KCNA,2009/06/8,北朝鮮は、3月から拘束している米国人記者2人を不法入国の罪で有罪とし、12年間の重労働の刑を言い渡した。朝鮮中央通信（KCNA）が8日報じた。米カレントTVのユナリー記者とローラリン記者は、北朝鮮と中国の国境付近で取材活動中に逮捕されていた。KCNAは「裁判は、朝鮮国家に対する重大な罪を犯したことを確認した。2人に12年間の労働教化を言い渡した」と伝えた。アナリストは、北朝鮮に核開発の野心を断念させようとする米国との交渉材料に、2人の米国人記者は使われるとみている。,1
ブラウン英首相、労働党下院議員の支持を獲得,2009/06/9,ブラウン英首相は8日、過ちを認め、1週間にわたる政局混乱の責任を受け入れ、労働党下院議員の支持を獲得、強まっていた退陣圧力を乗り切った。首相は労働党下院で、前日に欧州議会選挙で与党労働党が惨敗したことに関連し、悔恨の念を表明するとともに、指導者として断固として戦い続ける意向を示した。スポークスマンによると、首相は「わたしに改善が必要なのは分かっている。わたしには強みと弱みがある」と認め、「問題から歩み去ることでではなく向き合い対処することで解決する」と述べて、その場にいた人々から励ましと拍手を受けたという。複数の労働党メンバーはブラウン首相の退陣を要求していたが、大方のメンバーは1年以内に実施される総選挙を控え、首相を支持した。労働党のトニーロイド議員は、スカイニュースで、ブラウン首相の退陣の可能性はほぼなくなったと語った。会合に参加した、ブラウン首相に批判的とされる向きは、ブラウン首相は「試験期間」を与えられたと述べ、首相の指導者としての地位が差し迫って問われることはないことを示唆した。,1
米破産裁判所、クライスラーのディーラー削減承認,2009/06/10,米破産裁判所は9日、クライスラーによる米国内ディーラーの4分の1削減を承認した。最高裁判所がクライスラーの資産売却について判断を下すまで、ディーラー閉鎖の承認を保留するよう求めた要求は退けた。破産裁判所のゴンサレス判事は、クライスラーに789のディーラー契約を拒否する権利を直ちに与える判断を下した。閉鎖の対象となるディーラーは、一定期間内にクライスラーに対して損害請求を行うことができる。ディーラーは、在庫処理や保証義務履行のため、閉鎖までの期間延長を求めていたが、これを受けて、新たなクライスラー車の販売や修理に加え、クライスラーの名称商標の使用などが不可能となる。ニューヨークのあるディーラーを代表する弁護士は「きわめて残念だ。資産売却後まで（ディーラーに関する）判断を遅らせる余地があるとみていたためなおさらだ」と語り、控訴する方針を明らかにした。,1
EU財務相会合、欧州金融監督機関構想で意見まとまらず,2009/06/10,欧州連合（EU）加盟27カ国の財務相は9日会合を開き、経済が成長路線に戻り次第、財政赤字の削減を開始することで合意した。ただ、欧州の金融セクターを監視する統一の機関の設立構想には主に英国とドイツが難色を示したため、意見の一致には至らなかった。EU財務相は景気について、現時点では財政刺激策を拡大する必要はなく、景気後退（リセッション）を乗り越えた後は緊縮財政に切り替える必要があるとの認識で一致。会合では「欧州委員会が5月初旬に示した経済予算見通しに基づくと、追加的な財政刺激策はもはや必要なく、注意はむしろ景気回復のペースに合わせた財政緊縮に向けられるべきだ」とする文書が採択された。一方、欧州の金融監督機関構想については意見のすり合わせが難航。現在EUの議長国であるチェコのヤノータ財務相は「困難な状況」との認識を示し「汎ヨーロッパ的なアプローチを調整する必要がある」と述べた。英国のダーリング財務相は、討議がなされたことには満足していると述べたものの、各国に財政的な影響を及ぼす決定を下す権限を欧州共通の機関に持たせることには賛成できないとの立場を示した。またドイツのシュタインブリュック財務相は記者団に対し、議論されている統一機関にどの程度まで各国の財政に影響を及ぼす権限を持たせるのか疑問が残ると述べた。議論の焦点になっているのは、EUの執行機関である欧州委員会が前週提案した2つの機関を設立する案。1つは「欧州システミックリスクカウンシル」で、欧州の金融システムの安定を脅かす可能性のあるリスクの増大を監視する。欧州委員会はこの機関を欧州中央銀行（ECB）の管轄下に置くことを提案している。もう一方の機関は、銀行、保険会社、および証券市場の日々の営みを監督する規制を管轄するもので、最終的にはEU加盟国はこの機関の決定に従う義務が課せられるとしている。チェコのヤノータ財務相は記者会見で、この問題はEU首脳会談で議論されることになると述べた。,1
環境対応は産業競争力の中核に、野心的目標は日本の好機,2009/06/10,麻生太郎首相が10日、2020年に国内の温室効果ガスを2005年比で15％削減（1990年比8％減）することを目指す中期目標を表明した。目標の検討過程で一部の利害関係者の主張がぶつかり合った光景とは対照的に、ビジネスの現場では低炭素社会に適合した製品やサービスをどれだけ生み出せるかが企業の競争力を左右するというパラダイムシフトが着々と進んでいる。環境政策の位置付けが世界的に高まるにつれ、太陽光発電やハイブリッド車など環境分野に強みを持つ日本の産業界が、新たな成長を実現する好機になるとの見方が急速に広がっている。 ＜「グリーンニューディール」が成長けん引＞08年後半に世界で広がった経済危機に直撃された電機と自動車の国内基幹産業にとって、目下の「希望の星」は環境関連分野だ。足元の生産活動は在庫調整の進展で持ち直しているが、今後、日本の産業界が本格的な回復軌道に向かうかどうかは、温暖化対策を経済成長につなげる政策パッケージである「グリーンニューディール」を通じた需要拡大をうまく取り込めるかどうかがカギを握っている。例えば太陽電池。05年度を最後に補助金が打ち切られ国内需要は伸び悩んでいたが、今年1月に補助金が復活した。業界団体の太陽光発電協会によると、09年1―3月期の太陽電池の国内出荷は前年同期に比べ約18％増加。太陽電池国内最大手、シャープ(6753.T)の片山幹雄社長は今月5日、ロイターなどのインタビューで、太陽電池が日本国内市場において「とんでもない勢いで伸びている」と語った。来年度には、太陽電池で発電した電気を電力会社に高値で買い取らせる制度も国内で導入される。片山社長は「昨年と比べると2倍近い引き合いが来ている。（今後も）加速されると思う」と強調した。  日立製作所(6501.T)は風力太陽光発電などの新エネルギー事業を08年度の250億円程度から15年度に2000億円規模への拡大を目指す。日立の田中幸二常務は「電力インフラと情報通信を融合させることで日立グループの強みを発揮する」などと述べ、ここ数年続いた業績低迷からの脱却のきっかけにしたいとの考えを示した。 太陽光や風力による発電は出力が天候に左右されるため、送配電網（系統）の安定運用に支障が出るとの懸念が従来からあった。その解決策として、情報通信技術を活用し、系統の状況をタイムリーに監視し最適に運用する「スマートグリッド」と呼ばれるシステムが今、注目を集めている。米オバマ大統領が署名して2月に成立した7870億ドル（約77兆円）の景気対策法でも、この分野で大規模な支出が盛り込まれている。今後、世界各地で同様の需要が広がることは確実だ。ハイブリッド車用などに需要拡大が期待される二次電池や太陽電池に強い三洋電機6764.Tの買収を計画しているパナソニック(6752.T)の大坪文雄社長は、5月の会見で「最近のグリーンニューディール関連の世界各国の動きをみていると、2012年度に400億円とみた（買収）効果よりも、もっと大きなシナジーを生み出す可能性があると感じている」と力説した。,1
ロシア、外貨準備の米債比率引き下げIMF債購入へ,2009/06/11,ロシア中銀のウリュカエフ中銀第1副総裁は、外貨準備高に占める米国債の比率を引き下げる方針を明らかにした。同発表を受け、ドルは全般的に下落、米債利回りは上昇している。世界の主要な米債保有国であるロシアの外貨準備4042億ドルに占める米国債の割合は約30％（訂正）。第一副総裁は、国際通貨基金（IMF）発行の債券を購入し、この比率を高める方針を示した。ロシアはこれまでに、IMFが資金調達の一環として発行する債券を約100億ドル購入すると発表している（訂正）。また、ロシアは危機のピーク時に流動性のある米債への投資を高めたが、現時点でそれを取り崩し、民間金融機関の預金への投資を高める準備が整っている、とした。「（米債の）比率は低下する。これは、好機がめぐってきており、銀行の状況がより明確化してきているからだ。銀行預金やレポの比率を引き上げる」と述べた。＊訂正：本文3段落目の「ロシアの外貨準備に占める米債の割合は約30％で、4042億ドルに相当する」を「ロシアの外貨準備4042億ドルに占める米国債の割合は約30％」に、4段落目の「ロシアはこれまでに、資金調達の一環としてIMF債券を約100億ドル購入すると発表している」を「ロシアはこれまでに、IMFが資金調達の一環として発行する債券を約100億ドル購入すると発表している」に訂正します。,1
米FRB、企業救済での損失は約5200億円＝報告,2009/06/11,米連邦準備理事会（FRB）が10日発表した初めてとなる月次バランスシート報告で、2008年に実施した企業救済により取得した資産による損失が53億ドル（約5200億円）にのぼったことがわかった。FRBのバランスシートの規模は2兆1000億ドル。同報告によると、今年1─3月の貸し出しプログラムによる収入は12億ドル、財務省証券やその他の証券の保有による利子収入は46億ドルとなった。FRBはバランスシートに関する情報開示を進めるため、今後、月次バランスシート報告を公表する。公表予定は毎月最終水曜日の2週間後。FRBはこれまでにベアースターンズやアメリカンインターナショナルグループ（AIG）(AIG.N)などに対する救済策を実施。FRB高官は、FRBが適切に資金を運用していることを示すために情報開示の拡大を決めたとしている。また別のFRB高官は、情報を開示することにより一部議員によるFRBは説明責任を欠くとの批判に対応したいとした。世界的な信用危機が顕在化した2007年8月以来、FRBは総額1兆ドルを超える資金を金融システムに供給。一部議員はFRBの緊急策に疑念を呈し、FRBの貸し出しにより誰が利益を得たのか明確にする必要があるとして情報開示を要求していた。,1
安保理決議に対する北朝鮮の反応、想定されるシナリオ,2009/06/12,国連安全保障理事会（安保理）の常任理事国と日韓の7カ国がまとめた北朝鮮の2回目の核実験に対する制裁決議案は、間もなく開催予定の会合で全会一致で採択される公算が大きいとみられる。米国のゲーツ国防長官は、北朝鮮が同決議採択に対して軍事的に反応する可能性は低いが、その可能性を完全に排除すべきではないとの見方を示している。制裁決議採択後の北朝鮮の行動について、考えられるシナリオは以下の通り。◎強く反発、その後交渉に復帰制裁決議には強く反発するが、通常兵器もしくは戦略兵器を使った軍事的な対応には出ない可能性。国連安保理が2006年に対北制裁決議を採択した際には、北朝鮮側は「威圧的」行動だと強く反発し、同国外務省は宣戦布告とみなすと発表。しかしその2カ月後、北朝鮮は約1年にわたって中断していた6カ国協議に復帰した。各国の当局者や専門家は最近の北朝鮮による一連の挑発行為について、金正日総書記の後継者問題に関連があるとみている。アナリストは国際社会から非難を浴びる2回目の核実験について、三男が有力候補とされる後継者選びをうまく進めるため、金総書記の立場をさらに強化することも狙いの1つだったとみている。◎ミサイル発射実験,1
鳩山総務相が辞任、郵政社長人事めぐる混乱で事実上更迭,2009/06/12,鳩山邦夫総務相は12日午後に官邸を訪れ、麻生太郎首相に辞表を提出、首相も受理した。麻生首相は日本郵政の社長人事について西川善文氏を続投させる方針を固めたが、一貫して再任を認めないと主張してきた鳩山総務相との調整が最後までつかず、早期の事態収拾に向けて事実上の更迭に踏み切った。郵政社長人事をめぐる混乱は鳩山総務相の辞任というかたちで決着した。後任は佐藤勉国家公安委員長が兼務する。  鳩山総務相は、麻生首相との会談後、官邸内で記者団に対し、「世の中は正しいことが通らない時があるとの思いだ。今の政治は正しいことを言っても認められないことがある。正しいことが通用しないなら、潔く去ることがいい」と辞任に至った胸中を語った。今後の麻生政権との関係については明言を避けながら、「今回の総理の判断は間違っているが、今後は正しい判断で政治をやっていただくことを信じている」と指摘。自民党離党の可能性も含めて「仲間たちと相談する」とし、兄の鳩山由紀夫民主党代表との連携について「全て将来の課題。連携はないでしょう」と語った。一方、麻生首相は同日夕、官邸内で記者団に対し、鳩山総務相の辞任について「政府と郵政の間に混乱が生じた印象を与えたことは甚だ遺憾。この状況は早急に解決すべきと判断した」と発言。早期の事態収拾を図るため、事実上の更迭に踏み切ったことを明らかにした。西川社長の続投に関しては「民間の事業に対して国が直接、介入することは避けるべき」としながら、「（日本郵政に対して出ている業務改善命令の）問題などをどう解決するかを見て判断したい」と述べるにとどめた。総選挙を目前に控えたタイミングでの閣僚辞任は、麻生政権にとって大きな痛手となるが、麻生首相は内閣改造の可能性について「内閣改造を直ちに行う考えは持っていない」と否定。河村建夫官房長官は午後の会見で、「総理には常に任命責任が伴う。このことは十分に受けとめなければならない」と語った。（ロイターニュース伊藤純夫）,1
国連安保理、北朝鮮制裁決議を全会一致で採択,2009/06/13,国連安全保障理事会は12日、前月25日に核実験を実施した北朝鮮に対する新たな制裁決議を全会一致で採択した。北朝鮮からの武器輸出を全面禁止し、同国への武器輸入も概ね禁止する。一方、陸海空路による北朝鮮貨物の検査については、国連加盟国による権限を認めつつ、実施を要請するにとどまった。,1
北朝鮮がウラン濃縮再開を宣言、軍事行動も警告,2009/06/14,北朝鮮は13日、国連安全保障理事会が12日に同国に対する制裁を含む決議を採択したことを受け、ウラン濃縮作業とプルトニウムの兵器化を再開する方針を明らかにした。また、米国および米国の同盟国が北朝鮮の孤立化を計った場合、軍事行動をとると警告した。朝鮮中央通信（KCNA）によると、北朝鮮外務省のスポークスマンは声明で「北朝鮮は、米国および米国の同盟国が北朝鮮の孤立化を図った場合、軍事行動をとる」と述べた。また同スポークスマンは、北朝鮮は軽水炉で使用するためのウランの濃縮作業を開始することも明らかにし「プルトニウムの兵器化を進める。北朝鮮は使用済み核燃料棒の3分の1以上を再処理した」と述べた。これに対し米国務省高官は「北朝鮮は挑発的な行動とレトリックをやめ、無条件に6カ国協議に戻るべきだ」と述べた。,1
米大統領、17日に大幅な金融規制改革案を発表＝WSJ紙,2009/06/15,米ウォールストリートジャーナル（WSJ）紙によると、オバマ大統領は17日、金融規制に関し1930年代以来最も大幅な改革案を発表する見通し。改革案は、どのようにして住宅ローンが引き受けられ、複雑な金融商品として取引されるに至ったかなど、金融のほぼあらゆる面がカバーされている。関係筋によると、政府当局者が「白書」と言及している改革案の柱は、最大手の金融機関を監督する連邦準備理事会（FRB）の権限の見直しのほか、システミック上重要な企業を清算解体する権限を政府に与えることなどが盛り込まれている。また、消費者向けの金融商品については新たな監督機関を設立する。ただ、改革案は一部議員が提唱していた権限の完全な統合は盛り込まれていない。例えば、複数の機関は今後も金融機関の監督を継続する。また金融機関の規模と範囲などは特定の制限を設けることはしない。しかし、大手金融機関にとって、実体経済を脅かすような過度のレバレッジは一段と難しくなるオバマ大統領が改革案の詳細を発表後、手続きは直ちに議会に移り、議会は改革を実施するため関連法案を可決する必要がある。ガイトナー財務長官は18日、上下両院の公聴会に出席する予定で、議員から厳しい質問を受けると予想される。議員らは、大手金融機関が経営破たんした場合、単純には救済しないというシステムをどのようにして作り上げるかなど争点の多い問題を取り上げる見通し。,1
ECB、ギリシャ支援めぐり明確な態度は示せず,2009/12/29,欧州中央銀行（ECB）はギリシャの財政問題に厳しい態度を示し特別な救済策には否定的だが、問題は、誰もそれを信じていないことだ。格付け会社ムーディーズはギリシャ国債の格付けを引き下げA2としたが、依然「A」の範囲であり、市場が恐れたほど厳しい内容ではなかった。これは、ギリシャ国債がECBからの資金調達で適格担保から脱落する事態を避けられることを意味する。現時点でECBは、資金供給における国債の担保条件として、少なくとも1つの格付け会社からBBBマイナス以上の格付けを得ていることを挙げている。しかしこれは緊急措置であり、2010年末に期限が到来すれば元のAマイナス以上の基準が復活する。興味深いことにムーディーズは、ギリシャの格付けを大幅に引き下げなかった理由のひとつとして、ECBがユーロ圏参加国の国債受け入れを拒否することは考えにくいことを挙げている。RBSのエコノミスト、Jacques Cailloux氏は「これは、格付け会社が、誰もが否定する暗黙の救済策を織り込んでいるという事実を示している」と指摘。「ECBはギリシャに断固たる態度を取る事はできる。ただ、最悪の事態になりギリシャの信頼が完全に失われるようなことになれば、他のユーロ圏にも影響が及び、ECBが介入することになるだろう」と述べた。これまでのところECB当局者は、公式にも非公式にもギリシャ国債を支援する兆しをみせておらず、ギリシャが必要とされている大胆な行動を取ると確信していると述べるにとどめている。ギリシャ政府は財政赤字を国内総生産（GDP）比で今年の12.7％から9.1％に削減する2010年予算を可決したが、市場は詳細を求めている。ECBのパパデモス副総裁は18日、ロイターテレビで、ギリシャの格付けが1年以内に担保基準以下に引き下げられても、2010年末で担保基準を引き上げる予定を先延ばしする考えはないと述べた。またあるECB関係者によると、ECBはユーロ圏参加国の国債が担保基準を下回った場合について協議を行ったが、過度の懸念はなかったという。,1
日本の格付け、債務軽減できなければ引き下げも＝S&P,2009/12/30,格付け機関のスタンダードアンドプアーズ（S&P）は30日、日本が政策措置を通じて巨額の債務を安定させ、いずれ段階的に軽減することができなければ、「AA」の信用格付けを引き下げる可能性があるとの考えを示した。日本政府が先週決定した来年度予算案に基づけば、日本の債務は4840億ドル増加する見通しで、国債の発行増が長期債相場を圧迫し、イールドカーブのスティープ化を招くとの懸念が高まっている。債券市場では、日本の債務残高の対国内総生産（GDP）比が200％近くに上昇する可能性が懸念されている。また今年9月中旬に発足した新政権の支持率が低下していることで、政府の断固とした政策措置を講じる能力に対する疑念も強まっている。S&Pのアナリスト、アゴストベナード氏は、ロイターの質問に対し電子メールを通じ「中期的には、低調な経済環境や人口動態上の圧力が高まっていることを考えれば、財政政策は大幅に改革する必要がある」と指摘。「政策措置が前述の問題に対処する上で不十分と見なされれば、格下げ圧力が生じる可能性がある」と述べた。S&Pは今年7月、景気対策に伴う財政圧力に耐えることができるとして、日本の長期ソブリン格付けを「AA」に据え置いている。,1
アフガニスタンで自爆攻撃、CIA職員8人死亡＝米高官,2009/12/31,CNNが、匿名の米政府高官の発言として報じたところによると、アフガニスタン南東部のパキスタンとの国境に近いホースト州にある軍事基地で30日に自爆攻撃が発生し、米中央情報局（CIA）の職員8人が死亡した。CNNはその他の詳細は明らかにしていない。,1
緩和的金融政策維持しつつ政策柔軟性拡大へ＝中国人民銀総裁,2009/12/31,中国人民銀行（中央銀行）の周小川総裁は、緩和的な金融スタンスを維持する一方で、政策の実施において、より柔軟な姿勢をとる方針を明らかにした。人民銀行のウェブサイトに31日掲載された新年の演説で述べた。同総裁は、新たな産業や、雇用を支援するセクター、農業生産セクターへの銀行融資の拡大を促進する方針を示した。国際収支の不均衡是正を推進する姿勢も示したが、詳細には言及しなかった。中国政府当局者らは過去数週間、「適度に緩和的な」金融政策を維持するとともに柔軟性を拡大する方針を繰り返し表明しており、多くのアナリストは、それについて穏やかな引き締めを強化する当局の意図を反映したものとみている。,1
アフガンの自爆攻撃、タリバンが犯行声明,2009/12/31,アフガニスタンの武装勢力タリバンは31日、30日に同国の米軍基地で起きた自爆攻撃について、犯行声明を出した。この自爆攻撃では米中央情報局（CIA）職員8人が死亡している。タリバンのスポークスマンは、電子メールを通じたロイターの質問に返信し「この破壊的な攻撃は、（CIA）職員がイスラム戦士に関する情報を得ようとしているなか、勇敢なアフガン軍メンバーによって行われた」と述べた。,1