head,date,body,category
現閣僚に引き続きやってもらいたい＝内閣改造で首相,2008/01/4,昨年末の同行記者団との懇談を受けて、内閣改造を行うと報じられたことについて「私が申し上げたこととは意に反することだ」と指摘した上で、現時点での考えについて「今の閣僚には政策課題に取り組んでもらっている。就任してまだ日が浅い人もいる。いろいろ考えると、今の閣僚に引き続きやっていただきたい」と述べた。また、臨時国会閉会から通常国会召集の間隔が非常に短いことも挙げ「こういうときに、改造すべきかどうかも考えていた」と述べ、否定的な見方を示した。一方で「もちろん改造したほうがよいとの意見もたくさんあった」とも語り、「そういう意見もよく聞きながら、その中には、現状でこういう風にしたらよいのでないかとの積極的前向きな意見もあった。そういうことは取り入れ、より良い、充実した内容をこれから実行していく」と語った。＜大連立構想、政策課題実行できる体制作りかがポイント＞衆院解散総選挙や民主党などとの大連立の可能性に関し「私が今考えていることは、政策課題を実施すること。同時に2008年度予算案を3月末前に成立させることである」と指摘。国民生活への悪影響を回避することを最優先に「それが実行できるようなことであれば、いろいろな方策を講じていく」と語った。そのうえで「大連立をするかしないかは、政策課題を実行できるような体制を組めるかどうか。この1点にかかる。大連立を最初から考えて何かしようということでなく、政策実行するためにどういう体制が望ましいかまず考えたい」とし、野党第1党の民主党との政策協議を働きかけていく考えを示した。＜消費者主役の初年度に＞,10
米住宅価格、長期にわたり「著しく」下落する可能性＝FRBエコノミストら,2008/01/4,米連邦準備理事会（FRB）のエコノミストとウィスコンシン大学教授は、米国の住宅価格は今後何年にもわたって「著しく」下落する可能性がある、とのリポートをまとめた。住宅価格に対する賃貸料の比率が長期的な平均水準に向けて緩やかに上昇すると見込まれるためという。リポートを執筆したのは、FRBのエコノミストであるアンドレアスレナートおよびロバートマーチン両氏とウィスコンシン大学のモリスデービス教授。リポートは「もし住宅価格に対する賃貸料の比率が2006年末の水準から2012年半ばまでに歴史的な平均である5％に上昇すれば、住宅価格は年間3％下落する可能性がある」と指摘、その予測は「予測というより単純な計算」だとしている。各氏は、保有者が自ら居住している住宅の価値に対する賃貸料の比率を1960年まで遡って調査。その比率は株価水準を判断する株価収益率と同じ手法で住宅のバリュエーションを判断するもので、住宅価格を評価するうえで重要な指標になるとしている。それによると、その比率は1960年から95年まで5―5.5％のレンジで推移していたが、その後は急速に低下し、2006年末までに3.5％となった。しかし、2007年前半になって再び上昇に転じ、最新のデータに基づけば、今後も上昇が続くと予想されるという。,10
米ワーナーブラザーズ、高画質DVD規格を「ブルーレイ」に一本化,2008/01/5,米メディア大手タイムワーナー(TWX.N)傘下の映画会社ワーナーブラザーズは4日、高画質DVDをソニー(6758.T)などが推進する規格「ブルーレイ」に一本化して発売する方針を明らかにした。ワーナー映画のDVD販売は米国内1位で18―20％のシェアを有している。ワーナーは東芝(6502.T)などが進める「HD―DVD」規格も平行して採用している数少ない製作会社の1つだったことから、HD―DVD陣営に打撃になるとみられている。ワーナーはHD―DVD規格の発売を5月まで継続する方針。,10
米ゴールドマンとJPモルガン、1月FOMCで50ｂｐの利下げを予想,2008/01/5,米ゴールドマンサックス(GS.N)とJPモルガン(JPM.N)は4日、12月米雇用統計が予想よりも弱い内容となったことを受け、1月の連邦公開市場委員会（FOMC）で50ベーシスポイント（ｂｐ）の利下げが決定されるとの見方を示した。ゴールドマンは、米連邦準備理事会（FRB）が臨時会合で何らかの措置を取る可能性もあるとしている。1月以降については、ゴールドマンは、FRBが25ｂｐずつ3回の利下げを実施し、金利を年央までに3％に引き下げると予想。JPモルガンは、3月に25ｂｐの利下げを予想している。JPモルガンはまた、2007年第4四半期の成長率予想を従来の1.5％から2％に上方修正した。一方、08年第1四半期は1％から横ばいに下方修正した。,10
米住宅市場の落ち込み、年央までに和らぐ見通し＝ラジア経済諮問委員長,2008/01/5,米大統領経済諮問委員会（CEA）のラジア委員長は4日、米住宅市場の低迷が年央までに和らぎ、経済は力強さを増すとの見通しを示した。ラジア委員長はCNBCテレビとのインタビューで「住宅市場は過去1年半、経済成長の大きな足かせとなってきたが、いずれ底入れする。そうなれば経済への悪影響がなくなる」と述べた。その上で「住宅市場は、恐らく向こう半年以内にマイナス要因ではなくなるだろう」と語った。この日発表された12月の米雇用統計は、非農業部門の雇用者数が1万8000人の伸びにとどまった。同委員長は「数字は低いがまちまちの内容だ。賃金が力強く明るさもうかがえる。賃金の伸びが続いているのは通常、労働市場がタイトであることを示している」と指摘した。景気認識については、インフレがやや上昇しているものの高水準ではなく、雇用個人消費設備投資はこれまでほど高くはないが低いともいえないとし「こうした状況を、米連邦準備理事会（FRB）は多少均衡した状態と考えていると思う」と述べた。ブッシュ大統領は3日、ホワイトハウスで行われたロイターとのインタビューで、米経済を支援するため、景気刺激策を実施する可能性について検討していることを明らかにした。ただ、まだ決定はしていないとした。ラジア委員長はブルームバーグテレビとのインタビューで、政府としてあらゆる景気刺激策を検討しているが、特定のセクターを対象とせず「中立的」な方策をとることが望ましい、と語った。,10
FOMCメンバーの見解、不透明な状況でばらつき＝米FRB副議長,2008/01/6,米連邦準備理事会（FRB）のコーン副議長は5日、FRBの政策メッセージが連邦公開市場委員会（FOMC）メンバー間の意見の相違により不透明になっていることを認めたうえで、市場はそれに順応していかなければならない、との認識を示した。報道各社に事前に公表された米国経済学会年次総会での講演原稿で、コーン副議長は「メッセージのばらつきは、FRBの見解について明確なガイダンスを求める市場参加者を困惑させている」と述べた。FRBに対しては、利下げをしておいてFOMCの声明文ではインフレリスクを警告することでハト派姿勢とタカ派姿勢を並存させているとの批判がでている。また、それがFOMCメンバーの足並みの乱れを示唆するとして、懸念材料にもなっている。FRBが住宅市場の落ちこみから景気後退リスクが高まっている米経済を支援するためにどの程度利下げするかについて疑問が生じるからだ。副議長は、謝罪はせず、健全な討議は自然でよりよい政策選択につながると主張。「FOMCメンバーがスケジュールやメッセージを調整することはなく、現在のように、状況が急速に変化していたり、さまざまな分析に左右される局面では、各メンバーの見解が多様化する可能性があることを人々は理解すべきだ」と述べ、「FOMCでの意見の多様性は、FOMCの強みの一つであり、健全な決定を導くために極めて重要である」と指摘した。FRBは、1月29─30日にFOMCを開催する。4日に発表された12月の米雇用統計で失業率が5％に上昇したことで、50ベーシスポイント（ｂｐ）の利下げがある、との観測が高まっている。コーン副議長は「現在のようにFOMCが不透明感が強いと考えているときは、新たな情報により大きなウエートを置き、予想を修正することに前向きになる必要があるかもしれない」とし、政策決定は、経済が最もありそうな予測とかなり違ってくるという多大なリスクを考慮する可能性を示した。,10
市場安定化措置と物価安定目的の金融政策は切り離すべき＝ECB副総裁,2008/01/6,欧州中央銀行（ECB）のパパデモス副総裁は5日、金融市場を秩序ある状態にするための措置は、インフレ抑制を狙った政策と切り離しておく必要があると述べた。パパデモス副総裁は講演を終えた後、記者団に「物価安定を守ることに関連する金融政策があいまいになるのを回避するのが非常に重要で、短期金融市場のオペレーションは、同市場を秩序ある状態にすることが目的で、金融市場の安定確保に関係している」と述べた。また、最近の対ドルでのユーロ高についてはコメントを差し控えた。,10
米アナリスト、米企業決算について悲観的見方強める＝調査,2008/01/7,ロイターエスティメーツが7日明らかにした週間調査によると、米ウォールストリートのアナリストは、2007年第4四半期の米企業決算について悲観的な見方を強めており、08年第1、第2四半期についても増収率予想を下方修正した。調査によると、アナリストはS&P総合500種構成企業の07年第4四半期の利益について、前年比8.4％減少と予想。前週調査の6.1％減少、昨年10月1日調査の11.5％増加から見通しが悪化した。08年第1、第2四半期の利益については、それぞれ4.7％と4.6％の増加にとどまると予想。前週の調査ではそれぞれ5.1％増と5.0％増、10月1日の調査では11.4％増と9.4％増の予想となっていた。業種別では金融セクターの業績悪化がもっとも著しいとみられており、第4四半期は62％減益と予想されている。一方、ハイテクセクターは最も堅調とみられており、23％の増益が予想されている。,10
米経済基盤は強いが成長は当然視できない＝ブッシュ大統領,2008/01/8,ブッシュ米大統領は7日、米経済について、住宅市場の低迷、金融市場の混乱、原油高の衝撃に耐えられる状態だが、景気が引き続き拡大するかどうかは不透明との認識を示した。大統領は「経済基盤は強いが、経済成長を当然視することはできない」とし、「住宅市場の低迷、エネルギー価格の上昇、一部金融市場の調整からくる経済的な課題に直面している」との考えを示した。大統領はまた、米経済指標の内容が強弱まちまちとなっていることを踏まえ、現政権下で導入された減税措置を恒久化するよう議会に求めた。先行き不透明感が高まるなか、雇用拡大の最前線にいる起業家が増税はないと確信できることが極めて重要と指摘。「現政権はその権限を行使して税金を低く抑える」と語った。,10
米住宅市場の低迷、長期にわたり経済の足かせに＝財務長官,2008/01/8,ポールソン米財務長官は7日、国内住宅市場の低迷は雇用見通しを悪化させているとの見方を示すとともに、長期にわたり経済の足かせとなるだろうと述べた。長官は講演の準備原稿で「今後数週間、あるいは数カ月に一段の経済指標から成長減速が示唆される可能性が高い」と指摘。住宅販売在庫の積み増しは調整を長引かせるとし、間違いなく最大の下向きリスクになっていると述べた。住宅着工および販売が大幅に減少しているとし、高水準の販売在庫は価格調整が依然として完了していないことを示唆していると語った。,10
米経済、住宅低迷でも成長続く見通し＝ポールソン財務長官,2008/01/8,ポールソン米財務長官は7日、住宅市場の低迷にもかかわらず米経済は成長を続けるとの見方を示した。長官は講演後に「住宅市場の低迷はここしばらくの間、経済の重しとなってきたが、これが経済の他の分野に波及していることを示す証拠は多くはない」と述べた。また、住宅市場の低迷は「当面続く」としながらも、「米経済には回復力があり、成長を続けるだろう」と語った。,10
米政府、経済を強化する方法を検討＝米財務長官,2008/01/8,ポールソン米財務長官は7日、ブッシュ政権が経済を強化する方法について検討していると述べた。ただ、経済成長を刺激するために財政政策を用いることについては何も決定していないとした。長官は講演後の質疑応答で「（ブッシュ）政権は経済を一段と強化するためにどのような措置をとるべきか検討している」と述べた。一方長官は、財政政策の活用についてブッシュ大統領は「何らかの行動を提案するかどうかまだ決定を下していない」と語った。,10
再送：景気刺激措置を急ぐことを望んでいない＝米財務長官,2008/01/8,ポールソン米財務長官は7日、米経済が住宅市場の調整を切り抜けるなか、政府がどのように景気を後押ししていくか検討しているものの、措置の実施を急ぐことは望んでいないとの見方を示した。長官は講演原稿の抜粋で「われわれの当座の目的は実体経済への影響を最小限に抑えること」と指摘。「これは、次の手段を慎重に判断するため忍耐が要求される。政策を急いで発表するより、現在の状況を切り抜け、政策をしっかりと進めることがより重要」と述べた。長官は、この数年での銀行や住宅ローン会社による「緩い」融資慣行や、価格があまりにも急速に上昇したことを受け、米住宅市場の調整が「不可避で必要」だったと指摘。「単一の政策や措置がこの数年でのだぶつきを収束させることはない、ということを明確にしたい」としたうえで、米政府が「直面しているリスクを認識しており」、できる限り力強い経済を維持することを目指していくと述べた。＊一部表現を手直しして再送します。,10
ポールソン米財務長官、早急な景気刺激策を望まず,2008/01/8,ポールソン米財務長官は7日、 米経済が住宅市場の調整を切り抜けるなか、政府がどのように景気を後押ししていくか検討しているものの、措置の実施を急ぐことは望んでいないとの見方を示した。長官は講演で「われわれの当座の目的は実体経済への影響を最小限に抑えること」と指摘。「これは、次の手段を慎重に判断するため忍耐が要求される。政策を急いで発表するより、現在の状況を切り抜け、政策をしっかりと進めることがより重要」と述べた。長官は、経済への影響が前週末の弱い雇用統計にすでに現れており「向こう数週間数カ月にかけて景気減速の徴候がさらにみられる可能性が高い」とした。「住宅販売在庫の積み増しは調整を長引かせ、間違いなく最大の下向きリスクだ」とも語った。一方、講演後の質疑応答では「住宅市場の低迷はここしばらくの間、経済の重しとなってきたが、これが経済の他の分野に波及していることを示す証拠は多くはない」とし、住宅市場の低迷は当面続くが「米経済には回復力があり、成長を続けるだろう」と指摘した。また「（ブッシュ）政権は経済を一段と強化するためにどのような措置をとるべきか検討している」が、どのような方策をとるかについてブッシュ大統領はまだ決めていない、とした。ポールソン長官は、この数年での銀行や住宅ローン会社による「緩い」融資慣行や、価格があまりにも急速に上昇したことを受け、米住宅市場の調整が「不可避で必要」だったと指摘。同時に、米経済は1990年代初頭の金融システム問題や同年代終盤のインターネットバブル崩壊を乗り切ったように、今回も危機を乗り切るだろうと述べた。減税については恒久化を後押しするとし「増税は足元の経済で最も避けるべきこと」とした。為替については強いドルを支持すると強調、為替について心配はないとした。金融機関の評価損計上については継続中だが、長期的なバランスシート強化が期待できるため驚くに値しないと指摘。「（評価損計上は）市場の行動規律であり、時間とともに市場心理を高めるはずだ」と述べた。,10
強いドルは米国の利益、米経済の成長は続く＝米財務長官,2008/01/9,ポールソン米財務長官は8日、強いドルは米国の利益だと述べた。また、米経済が力強く推移するとの見通しを示した。長官はCNBCテレビとのインタビューで、最近の経済指標が「強弱まちまち」とした上で、米政府は景気拡大を維持するためすべての選択肢を検討しているが、結論には至っていないと述べた。「消費者は現在、数多くの課題に直面している」と指摘。「力強い米経済維持に向けあらゆる措置を講じることができるよう、さまざまな選択肢を検討している」と語った。,10
米政府、現段階で景気対策が必要か決定せず＝米財務長官,2008/01/9,ポールソン米財務長官は8日、米経済が逆風に直面していることを認める一方、現段階では新たな景気対策が必要かどうか決定していないと述べた。長官はCNBCテレビとのインタビューで「経済指標は強弱まちまちであり、非常に注視している」とした上で「米経済は強い逆風に直面しているが、経済成長は今後も続くだろう」と述べた。政府は景気対策を実施するかどうかとの質問には「力強い米経済の維持に向けあらゆる措置を講じることができるよう、さまざまな選択肢を検討している」と述べるにとどめた。たとえ大統領が何を決定したとしても、自身が先んじて発言することは適切ではないとの考えを示した。また「消費者は現在数多くの課題に直面している。住宅市場は間違いなく最大のリスクであり、クレジット市場の混乱、雇用状況、エネルギー価格といった問題もある。ただ、消費支出と企業の設備投資は非常に底堅い」と述べた。住宅価格の下落については、住宅市場は持続不可能な成長が長期間続いたと指摘。特効薬はないとして、近いうちに上向く可能性は低いとの見方を示した。このほか、中国は人民元の上昇を加速するべきだとの見解を示す一方、対中貿易赤字の拡大に主に影響しているのは通貨ではなく、経済不均衡だと指摘。米国と中国の貯蓄率の違いを挙げ、不均衡是正に向けて中国に内需を促進するよう求めていると話した。,10
米経済は景気後退に陥っていないが、リスクは深刻＝全米経済研所長,2008/01/9,全米経済研究所（NBER）のフェルドスタイン所長は8日、米経済は景気後退に陥っていないものの、景気後退の「深刻なリスク」が存在するとの認識を示した。ポールソン米財務長官はこの日、CNBCテレビとのインタビューで、景気は鈍化するものの成長は継続する可能性が高いと述べた。フェルドスタイン所長は同長官の見方に賛同するかと尋ねられ、今後1─2四半期で最も実現性の高いシナリオだとする一方で「それ以上に景気が悪化し、実際に低迷に至る可能性のある深刻なリスクが存在する」と指摘した。「今のところは景気後退に陥っていないと考える」と語った。所長はまた、景気下支えのために財政面での刺激策が必要との考えを改めて示した。さらに、米連邦準備理事会（FRB）は追加利下をすべきだと述べた。,10
米政策金利、年央までに3％に引き下げられる可能性＝ピムコのグロース氏,2008/01/9,世界最大の債券ファンド投資会社、パシフィックインベストメントマネジメント（PIMCO）の最高投資責任者（CIO）であるビルグロース氏は、米連邦準備理事会（FRB）が2008年半ばまでに政策金利を現行の4.25％から3％に引き下げる可能性が高いとの見方を示した。8日（訂正）に公表された投資見通しのなかで述べた。グロース氏は、金融機関のクレジットデフォルトスワップ（CDS）に絡む損失が2500億ドル程度になるとの見通しを示した。また、2008年はCDS絡みの損失のほか商業用不動産、クレジットカード関連の損失も予想されるとし、信用収縮がリセッション（景気後退）につながる原因になると指摘した。,10
UBS、追加資本注入は必要ない─CEO＝新聞,2008/01/9,スイス銀行大手UBSUBSN.VXのマルセルローナー最高経営責任者（CEO）は、同行のリスクエクスポージャーは大幅に低下し、追加資本注入の必要はないとの見方を示した。ローナーCEOはスイスのハンデルスツァイトゥング紙とのインタビューで「リスクポジションは大幅に低下した」と語った。インタビューの内容は8日の掲載前に発表された。新たな資本注入が必要かとの質問に対しては「その必要はない。130億スイスフラン（116億5000万ドル）規模の新たな資本注入や、現金配当を株式配当に変えたことで資本ベースを十分に強くできる」と語った。さらに同CEOは、UBSは自社株買いや配当支の払いにより、余剰資金を株主に還元する意向だと語った。この報道を受けUBS株は上昇、1600GMT（日本時間9日午前1時）時点で2.99％高となっている。,10
追加利下げに予断を持たず＝米フィラデルフィア地区連銀総裁,2008/01/9,米フィラデルフィア地区連銀のプロッサー総裁は8日、追加利下げについてオープンであり、経済見通しに左右される金利に関して予断を持っていないと述べた。総裁は当地の商工会議所で経済見通しについて講演した後、記者団に対して「景気は弱含むだろう。問題はどれほど弱まるか、それが経済全般に波及するかだ」と指摘。「金融政策が難しい時だ。インフレは完全に抑制されていない。期待はほんのわずかだ。私は予断を持っていない」と述べた。,10
08年はEU経済にとって前年より厳しい年に＝スロベニア首相,2008/01/9,スロベニアのヤンシャ首相は8日、2008年はEU経済にとって前年より厳しい年になるとの見通しを示した。同国は今年、欧州連合（EU）の議長国をつとめる。首相は記者会見で「われわれは、2008年は経済面で前年より厳しい年になると認識している」と語った。欧州委員会は11月初め、08年のEU経済成長率は07年の推定2.9％から2.4％に鈍化するとの予想を示した。,10
米経済の見通しに楽観的、住宅問題解決に時間も＝米大統領,2008/01/9,ブッシュ米大統領は8日、米経済の見通しについて「楽観的」であるが、住宅市場低迷の解決には時間がかかる、との認識を示した。大統領はホワイトハウスでのセレモニーで「経済については楽観的だ」と述べる一方、その健全性に関して一部の兆候はまちまちであることを認めた。そのうえで「ファンダメンタルズは良好だが、懸念を生じさせる新たな兆候もある。その中には住宅市場の低迷を示すものが含まれる。解決には時間がかかるだろう」と述べた。全米リアルター協会（NAR）が発表した11月の住宅販売保留指数は、前月比で低下した。エコノミストによると、差し押さえの増加と価格の下落で、住宅市場は今後も低迷が続くとみられている。,10
米ドルがさらに下落すれば問題生じる可能性＝世銀エコノミスト,2008/01/9,世界銀行のチーフエコノミスト、ハンスティマー氏は8日、ドル相場について、今の水準を大幅に超えて下落する必要はないと指摘した上で、米国が景気後退を防ぐため、大幅利下げを行った場合、ドルがさらに下落する可能性があるとの懸念を示した。同氏は、これが現実となれば、世界経済や米経済の減速を力強いパフォーマンスで補ってきた一部の新興国に悪影響を及ぼす可能性があると語った。同氏は、ロイターに対し、ドルの下落は巨額の米経常赤字の縮小につながり、世界経済不均衡の是正を手助けしたと指摘。「これまでのドルの動向は非常に有益だった」と述べた。しかし、米国がリセッション（景気後退）入りした場合や、米金融政策がさらに緩和された場合に、これらの影響でドルが大幅下落すれば問題が生じると警告。「ドルは今後、これ以上大幅に下落する必要はないと考えており、こうした要因を大きなリスクのひとつと捉えている」と語った。,10
米シティ、第2四半期減配の可能性＝Mスタンレー,2008/01/10,同社アナリストのベッツィーグラセック氏は「リセッション（景気後退）の可能性が高まるなか、弱気のシナリオのおそれも強まったため、カバーしている企業セクターでサブプライムローン（信用度の低い借り手向け住宅ローン）や債務担保証券（CDO）へのエクスポージャーが最も高く、資本基盤が最も薄いシティグループはアンダーウエートで据え置く」とした。CDO評価損予想は120億ドルから135億ドルへ、第4四半期の損失予想は1株当たり0.56ドルから0.88ドルへそれぞれ引き上げた。目標株価は1ドル引き下げ、27ドルとした。,10
物価が安定していればドルの大幅下落はない＝米地区連銀総裁,2008/01/10,米セントルイス地区連銀のプール総裁は9日、米国の物価が安定している限りドルが大幅に下落することはないとの見方を示した。一方で、短期的な為替動向の予想は不可能だと語った。総裁は講演後の質疑応答で「米国産の財に対してドルが購買力を維持している限り、ドルが大幅に下落することはない」と述べた。その上で「短期的な為替動向の予測はばくちのようなものだ」と語った。また、連邦住宅抵当金庫（ファニーメイ）FNM.Nと連邦住宅貸付抵当公社（フレディマック）FNM.Nが手がける住宅ローン証券は圧迫されていないとの認識を示した。同総裁は今年の連邦公開市場委員会（FOMC）で投票権を有しておらず、3月末に退官する。,10
ホルムズ海峡で新たな危機発生すれば結果の責任はイラン＝米政府高官,2008/01/10,ブッシュ米大統領の中東歴訪に同行しているハドリー大統領補佐官（国家安全保障問題担当）は9日、ペルシャ湾のホルムズ海峡で米国とイランの艦船の間に新たな危機が発生した場合、イランはその結果の責任を負う必要があると警告した。同補佐官はイスラエルに向かう途中、「イランによる非常に挑発的な行為であり、わが軍とイラン軍との激しい言い争いに発展しかねない、すれすれの出来事だった。彼らは非常に注意深くなる必要がある。なぜなら、もし再び起きれば、彼らがその結果の責任を負うからだ」と述べた。,10
NYSEユーロネクスト、アメリカン証取の買収に向け交渉,2008/01/10,9日付のウォールストリートジャーナル（WSJ）紙によると、NYSEユーロネクストNYX.PANYX.PAは、アメリカン証券取引所（AMEX）の3億5000万ドルでの買収に向けて交渉を進めている。同紙が関係筋の話として伝えた。NYSEユーロネクストの代表者はコメントを控えた。AMEXからのコメントは得られていない。買収が実現すれば、ニューヨーク証券取引所（NYSE）のオプション市場での地盤が広がる。NYSEとナスダックストックマーケット(NDAQ.O)は共に、オプション市場への進出拡大を目指している。,10
世界経済、リセッションに陥るリスク高まる＝08年国連経済見通し,2008/01/10,国連は9日、「2008年の世界経済状況と見通し」を発表し、米国の住宅市場の落ち込みと信用収縮に加え、ドル安などにより、世界経済が停滞するリスクが高まっているとの認識を示した。2008年の世界経済の成長率は3.4％となり、昨年実績をやや下回る見通しだが、悲観的な見通しでは1.6％程度に落ち込む可能性もあるとしている報告は、昨年の米住宅バブル崩壊のほか、サブプライム危機により、世界の金融市場での先行き不透明感が強まったと指摘。また、ドル安に加え、中国や日本など黒字国と米国など大幅赤字国間の不均衡により、世界経済が落ち込む可能性があるとしている。その上で、これらの米国の問題により、世界経済がリセッションに陥り、世界経済の不均衡調整が無秩序に起きる可能性があり、「最近の世界的な金融混乱でこれらのリスクが高まっている」と指摘した。国連は昨年の報告で07年の世界経済の成長率が3.2％に落ち込むとの悲観的な予想を示していたが、今回の報告では推定3.7％としている。米国の今年の成長率見通しは2.0％で昨年の実績見通しは2.2％。しかし、米国の住宅価格が最大15％下落すれば、米国の経済成長はほぼなくなる。日本と欧州の経済は生産能力の限界近辺で稼動しているため、米経済の落ち込み分をカバーできないとしている。,10
米大統領、イランが米艦船攻撃すれば「重大な結果」招くと警告,2008/01/10,ブッシュ米大統領は9日、イランに対し、ペルシャ湾で米国の艦船を攻撃すれば「重大な結果を招く」と警告した。また、すべての選択肢について検討していると付け加えた。中東歴訪中の大統領はイスラエルでの記者会見で「攻撃するな、というのがわたしからのアドバイスだ」とした上で、「米国はこの意向を公に明らかにしており、イランは米国の立場を知っている。イランが米国の艦船を攻撃すれば、重大な結果になるということだ」と語った。米政府はこれより先、ペルシャ湾のホルムズ海峡でイランの艦船が米海軍艦船3隻に至近距離まで接近し、威嚇行為を行ったとしていた。大統領は「米国の資産を守るため、すべての選択肢について検討する方針を、国家安全保障問題担当大統領補佐官がはっきりと示した」と付け加えた。,10
道路暫定税率法案、1月中の衆院通過は物理的に困難＝官房長官,2008/01/10,町村信孝官房長官は10日午前の定例会見で、ガソリンにかかる揮発油税の暫定税率を継続するための租税特別措置法改正案の1月中の衆院通過は、物理的に困難との考えを示した。同法案は民主党との意見の食い違いが大きい予算関連法案のひとつ。法案が成立しなければ適用期限切れで税率が一時的に下がることになり、18日召集の通常国会での最大の争点になっている。与党内では1月中の衆院通過を模索する動きもあったが、伊吹文明自民党幹事長に続き、町村官房長官も断念する考えを明らかにした。町村官房長官は「できるだけ早く法案を出し、衆院で可決して参院に送付したい思いは全く同じ」としながらも、「現実問題として、福田首相の施政方針演説、衆参両院での代表質問、補正予算案審議、予算委員会での（来年度予算案についての）総括質疑があり、これだけで1月が終わってしまう。場合によっては2月に入るかもしれない。その時に、1月中に特定の法案を抜き出して採決にもっていく、しかも予算関連の歳入に係る法案について1月中にという気持ちはわかるが、物理的に極めて困難」と述べた。そのうえで衆院通過時期については「出来るだけ早くとしか言えない」と語った。また、国会の了承が得られれば、福田首相が1月下旬にスイスで開催されるダボス会議に出席することになるとの見通しを示した。会議では、環境問題中心に発言することになるとしたが、具体的な内容はまだ検討中と語った。10日付日経新聞によると、福田首相はダボス会議などで地球温暖化対策として、途上国を対象に5年間で総額100億ドル（約1兆1000億円）の資金援助を実施することなどを表明すると報じている。,10
中東和平合意、09年1月までの締結を確信＝ブッシュ米大統領,2008/01/10,中東歴訪中のブッシュ米大統領は、自身が大統領を退任する2009年1月までに、イスラエルとパレスチナが和平合意を締結すると信じていると述べた。パレスチナ自治政府のアッバス議長と、ヨルダン川西岸のラマラで共同記者会見した。米大統領は「私が退任する時までの和平合意締結は、実現が可能というだけではない。実現すると信じている」と強調した。,10
IMFは米景気後退を予想していない＝報道官,2008/01/11,国際通貨基金（IMF）は10日、米経済のリセッション（景気後退）入りは予想していないとの認識を示した。マス―ドアハメド報道官は定例記者会見で「リセッションのリスクは高まったが、現時点では米国のリセッション入りはわれわれの中心的なシナリオではない」と語った。10月のIMFの世界経済成長見通し発表以降、米サブプライムローン（信用度の低い借り手向け住宅ローン）絡みの混乱の影響が拡大したため、米経済の成長見通しは明らかに一段と弱まったと指摘した。欧州や日本の経済成長については、「米景気の一段の減速から影響を受けるのは確実だ」との見方を示した。,10
米経済の景気後退入りを予想せず＝バーナンキFRB議長,2008/01/11,バーナンキ米連邦準備理事会（FRB）議長は10日、米経済がリセッション（景気後退）入りするとは予想していないと述べた。同議長は講演で「現時点でFRBはリセッション入りするとはみていない。成長の鈍化を予想している」と語った。,10
政府日銀一体で日本経済を下支えすること期待＝財務相,2008/01/11,額賀福志郎財務相は11日の閣議後の会見で、バーナンキ米連邦準備理事会（FRB）議長が10日、追加利下げの必要性に言及したことに関連して、米経済の安定推移が期待されると述べた上で、日銀の金融政策運営について政府と一体となって日本経済を下支えすることを期待したいと語った。また、3月19日に任期を迎える福井俊彦日銀総裁の後任人事に関し、日銀の組織マネジメント、金融政策などについてしっかりした見識を持った人が望ましいとの認識を示した。バーナンキ米FRB議長は10日の講演で、景気を支援するため積極的に行動する用意があると述べ、追加利下げの必要性に言及した。サブプライムローン（信用度の低い借手向け住宅融資）問題を背景に米経済の先行き不透明感が強まっているが、額賀財務相は「これまでもFRBの利下げや米政府の対策などさまざまな手が打たれている。今後もそうした対応策がなされることで米経済が安定的に推移していくことが期待される」と述べた。これに関連し、日銀の金融政策運営に対しては「政府は補正予算や来年度予算でさまざまな政策を打ち出しており、政府日銀が一体となって日本経済を下支えしていく、安定的な基調を作り出せることを期待したい」との認識を示した。また、次期日銀総裁の人事に関しては「内閣が決定することであり、直接コメントする立場にない」としながら「日銀の組織マネジメント、金融政策などについてしっかりした見識を持った人が適切に人選されることが望ましい」との見解を語った。額賀財務相は18日召集の通常国会における08年度予算案の審議について、関連法案を25日前後に国会に提出したいとの意向を示した上で「予算案の年度内成立で、国民生活に混乱起こすことなく、経済活動が順調に展開できるよう、全力投球をしなければならない」と強調した。（ロイター日本語ニュース伊藤 純夫記者）,10
米政府、1000億ドル規模の景気刺激策必要＝ルービン元米財務長官,2008/01/11,ルービン元米財務長官は10日、米経済のリセッション（景気後退）入りを回避するには、米政府は1000億ドル規模の景気刺激策が必要との考えを示した。自身が主宰する調査グループ「ハミルトンプロジェクト」主催のフォーラムで述べた。ルービン氏は、リセッションに入る「確率は不明だが、リスクは高く、予防的な措置をとるべき」と主張。景気刺激策は、支援を最も必要とし、かつ消費する可能性の高い世帯を対象とすべきだと述べた。ルービン氏は現在、米シティグループ(C.N)の経営執行委員会会長を務める。調査グループ「ハミルトンプロジェクト」は、米ブルッキングス研究所の傘下組織で、ルービン氏が2006年に結成した。,10
米経済の景気後退入りを予想せず＝バーナンキFRB議長,2008/01/11,バーナンキ米連邦準備理事会（FRB）議長は10日、米経済がリセッション（景気後退）入りするとは予想していないと述べた。同議長は講演で「現時点でFRBはリセッション入りするとはみていない。成長の鈍化を予想している」と語った。,10
08年米経済、かろうじてリセッション回避の見通し＝IIF,2008/01/11,世界の大手銀行や金融機関の団体である国際金融協会（IIF）は、2008年の米経済について、サブプライムローン（信用度の低い借り手向け住宅ローン）問題の影響が長引き金融市場混乱の影響による損失は膨らむものの、リセッション（景気後退局面）をかろうじて回避する、との見通しを示した。サブプライムローンをめぐる市場の混乱は依然として問題となるものの、より大きな負担は住宅市場関連の投資から波及し、特に大手銀行にその傾向が強まる見通し。これが住宅保有者や企業の支出を慎重にさせることが予想されるという。IIFは、報告書「08年の世界経済と資本市場の見通し」の中で、「われわれの考えでは、米経済はトレンド以下の成長段階が予想されるものの、リセッションが最も可能性の高い見通しということではない」との見解を示した。米経済は、連邦準備理事会（FRB）による利下げと活発な企業活動、米国製品に対する海外需要に支えられリセッションを回避する見通しだという。,10
政府日銀一体で日本経済を下支えすること期待＝財務相,2008/01/11,額賀福志郎財務相は11日の閣議後の会見で、バーナンキ米連邦準備理事会（FRB）議長が10日、追加利下げの必要性に言及したことに関連して、米経済の安定推移が期待されると述べた上で、日銀の金融政策運営について政府と一体となって日本経済を下支えすることを期待したいと語った。また、3月19日に任期を迎える福井俊彦日銀総裁の後任人事に関し、日銀の組織マネジメント、金融政策などについてしっかりした見識を持った人が望ましいとの認識を示した。バーナンキ米FRB議長は10日の講演で、景気を支援するため積極的に行動する用意があると述べ、追加利下げの必要性に言及した。サブプライムローン（信用度の低い借手向け住宅融資）問題を背景に米経済の先行き不透明感が強まっているが、額賀財務相は「これまでもFRBの利下げや米政府の対策などさまざまな手が打たれている。今後もそうした対応策がなされることで米経済が安定的に推移していくことが期待される」と述べた。これに関連し、日銀の金融政策運営に対しては「政府は補正予算や来年度予算でさまざまな政策を打ち出しており、政府日銀が一体となって日本経済を下支えしていく、安定的な基調を作り出せることを期待したい」との認識を示した。また、次期日銀総裁の人事に関しては「内閣が決定することであり、直接コメントする立場にない」としながら「日銀の組織マネジメント、金融政策などについてしっかりした見識を持った人が適切に人選されることが望ましい」との見解を語った。額賀財務相は18日召集の通常国会における08年度予算案の審議について、関連法案を25日前後に国会に提出したいとの意向を示した上で「予算案の年度内成立で、国民生活に混乱起こすことなく、経済活動が順調に展開できるよう、全力投球をしなければならない」と強調した。（ロイター日本語ニュース伊藤 純夫記者）,10
米政府、1000億ドル規模の景気刺激策必要＝ルービン元米財務長官,2008/01/11,ルービン元米財務長官は10日、米経済のリセッション（景気後退）入りを回避するには、米政府は1000億ドル規模の景気刺激策が必要との考えを示した。自身が主宰する調査グループ「ハミルトンプロジェクト」主催のフォーラムで述べた。ルービン氏は、リセッションに入る「確率は不明だが、リスクは高く、予防的な措置をとるべき」と主張。景気刺激策は、支援を最も必要とし、かつ消費する可能性の高い世帯を対象とすべきだと述べた。ルービン氏は現在、米シティグループ(C.N)の経営執行委員会会長を務める。調査グループ「ハミルトンプロジェクト」は、米ブルッキングス研究所の傘下組織で、ルービン氏が2006年に結成した。,10
FRBは金融市場の混乱対処で断固たる行動とる＝ミシュキン理事,2008/01/12,ミシュキン米連邦準備理事会（FRB）理事は11日、金融市場の混乱で米経済見通しが危うくなっているとし、FRBは打撃緩和に向けて断固とした行動をとるだろうと述べた。理事はニューヨーク連銀主催のシンポジウムで「金融市場の混乱は経済成長見通しに対するかなりの下向きリスクとなっている。好ましくない経済あるいは金融ニュースは一段のひっ迫につながる可能性がある」と指摘。「FRBはこれまで措置を講じており、今後も断固とした行動をとっていくだろう」と述べた。インフレ期待については「依然かなり抑制されているようだ」との認識を示し、その結果として「金融状況の悪化に対応した政策スタンスの緩和が、インフレ見通しに悪影響を及ぼす可能性は低いとみられる」との見方を示した。FRBは、経済状況が厳しい時期、特に金融市場が混乱している時には、柔軟かつ断固とした姿勢でタイムリーに行動することが必要であると述べた。また、FRBは「金融市場が急速に上向く可能性もある」ことを意識すべきとし、金融市場が上向いた場合、FRBは常に、政策緩和で提供した「保証をある程度吸収することができる」と話した。,10
米FRB、FOMC前の利下げの可能性は低い＝WSJ紙,2008/01/15,米連邦準備理事会（FRB）が1月末の連邦公開市場委員会（FOMC）前に利下げする可能性は低いものの、見通しが大幅に悪化するような事態になれば、緊急利下げが検討される可能性がある。ウォールストリートジャーナル（WSJ）紙が14日報じた。FRBウォッチャーとして著名なグレッグイップ記者も共同で書いた記事にによると、バーナンキFRB議長の前週の発言を受け、市場では50ベーシスポイント（ｂｐ）の利下げ観測が高まったため、FRBがFOMCまでは金利を据え置く可能性が高いと指摘。「ただ、今後数日で見通しが急激に悪化した場合、この状況は変化する可能性がある」としている。FRBが過去数カ月間、金利をめぐり混乱を招くようなシグナルを送ったという批判を受け、バーナンキ議長は前週のように、より積極的かつ頻繁に経済見通しに関し発言することを決めたと指摘した。見通しが引き続き不透明な限り、バーナンキ議長とコーン副議長はFOMC間に、少なくとも1回は経済見通しについて発言する可能性が高いという。,10
日本の景気は当面減速、世界経済の動向などに注視＝福井日銀総裁,2008/01/15,福井俊彦日銀総裁は15日、支店長会議であいさつし、日本の景気について「住宅投資の落ち込みなどから減速しているとみられるが、基調としては緩やかに拡大している」との認識を示した。先行きについても「当面減速するものの、その後緩やかな拡大を続ける」との見通しを示した。ただ「原油価格をはじめとする国際商品市況の高騰や米国経済の下振れリスクなど、世界経済についての不確実性がある」とも指摘。「国際金融資本市場や世界経済の動向、国際商品市況高騰の影響については、引き続き注視する必要がある」と強調した。物価面に関しては「消費者物価（除く生鮮食品）の前年比は、当面は、石油製品や食料品の価格上昇などから、また、より長い目でみると、マクロ的な需給ギャップが需要超過方向で推移していく中、プラス基調を続けていく」との見方を示した。一方、サブプライムローン（信用度が低い借り手向け住宅ローン）問題の日本の金融機関への影響については「当初の想定に比べて拡大している」と指摘。ただ「日本の金融機関のクレジット市場への関与の度合いは欧米金融機関に比べ小さく、これまでのところ損失は各金融機関金融グループの期間収益や経営体力の範囲内で吸収可能」として「現時点において、今回の問題が日本の金融システムの安定性にとくに大きな影響を及ぼすとはみられない」とも付け加えた。こうした状況を背景に、当面の金融政策運営について「経済物価情勢を丹念に点検しながら、金融政策を適切に運営することを通じて、物価安定のもとでの持続的成長の実現に引き続き貢献していく」と語った。（ロイター日本語ニュース志田義寧記者）,10
米個人消費、2008年に低迷する見通し＝全米小売業協会,2008/01/15,全米小売業協会（NRF）が13日から開催している年次会合で、マリン会長は14日、とりわけ2008年上期に経済に対する逆風が強まり、消費が低迷するとの見方を示した。NRFは08年の小売業界全体の売上高の伸びを、6年ぶりの低水準となる前年比3.5％増と予想。消費者はエネルギーコストの上昇や住宅市場低迷の影響、軟調な雇用および所得の伸びに苦しむとみている。,10
米経済は景気後退に入ったか、入りつつある＝グリーンスパン氏,2008/01/15,グリーンスパン前連邦準備理事会（FRB）議長は、15日付の米ウォールストリートジャーナル（WSJ）紙とのインタビューで、米経済はおそらくリセッション（景気後退）局面に入ったか、あるいは入りつつある、との認識を示した。 前議長は、(景気後退の）確率は「圧倒的に高い水準ではないが、わずかにその方向に傾いている」と指摘。「明らかにその兆候がある。景気後退はスムーズに起きるものではない。通常は市場の不連続性がそのシグナルとなるが、最近のデータにはまさにその特徴が出ている可能性がある」と述べた。具体的な兆候としては、供給管理協会（ISM）の景気指数が12月に47.7と景気判断の分岐点となる50を割り込んだことや、12月の失業率が5.0％に上昇したことを挙げた。グリーンスパン前議長は昨年2月に初めて米経済が景気後退に陥る可能性を指摘し、その確率を33％と予想したが、12月半ばにその確率を約50％に引き上げていた。今回のインタビューでは、その確率は引き続き50％前後だと指摘したが、「それより低いよりは高い可能性が高い」と述べた。住宅市場については、新築住宅の販売が底を打った可能性があるとしながらも、在庫の増加は住宅建設や価格が今後も軟化する見通しを示している、と指摘した。,10
アフガニスタンに海兵隊員3200人を増派＝米国防総省,2008/01/16,米国防総省は15日、今春アフガニスタンに約3200人の海兵隊員を追加派遣すると発表した。タリバン勢力の活動の活発化を受け、北大西洋条約機構（NATO）とアフガン治安部隊の支援が目的。米国はここ数カ月間NATOに増派を要請してきたが、実現には至っていない。今回の派遣は、アフガン駐留米軍を10％以上拡大することになる。国防総省スポークスマンは、今回の追加派遣でNATOによる増派の必要性が軽減されるわけではないとし、今後も説得を継続する方針を強調した。国防総省によると、増派のうち2200人は3月に第24海兵遠征隊から派遣され、タリバンの活動が最も活発なアフガン南部でNATO軍主導の国際治安支援部隊（ISAF）の指揮下に入る。さらに、4月には約1000人が別隊から派遣され、アフガン治安部隊の訓練強化に従事するという。,10
米FRB議長、財政刺激策を支持＝シューマー上院議員,2008/01/17,シューマー米上院議員（民主党、ニューヨーク州）は、バーナンキ米連邦準備理事会（FRB）議長が、財政出動による景気刺激策が必要で、同策を適切に策定し迅速に実施すべきとの見方を示したことを明らかにした。議員は上下両院合同経済委員会の公聴会で、景気刺激策に関しバーナンキ議長と14日電話で話し合った内容を明らかにした。「議長は、財政刺激策が間違いなく必要で、議会と大統領がそのような措置を実施することを全般的に支持していくと述べた」と語った。「議長は特定の計画を承認しないとしたうえで、経済に迅速に浸透するよう景気刺激策が適切に策定され実施されれば、経済に大きなプラスの効果をもたらす可能性があると述べた」とした。,10
米サブプライム損失は5000億ドル超えず＝FRB議長,2008/01/18,バーナンキ米連邦準備理事会（FRB）議長は17日、米サブプライム（信用度の低い借り手向け）モーゲージ市場のこれまでの損失額が、1000億ドルに達している可能性があり、今後損失が拡大する恐れもあるが5000億ドルは超えないだろう、との見方を示した。議長は下院予算委員会での証言で「サブプライムの特定のカテゴリー、金利変動型サブプライムモーゲージの残高は約1兆ドルだが、損失となる可能性のある限度は半分未満といえる」と語った。「サブプライムモーゲージ市場でのモーゲージは約500万件で、全体の元本額は1兆ドル。このうち延滞は現時点で20％だ。それがすべて差し押さえとなれば、これは大げさな仮定だが、これまでのところ1000億ドルとなる」と指摘。今後、延滞と差し押さえ率が上昇すれば数倍になる可能性があると述べた。,10
FRBは米景気後退を予想していない＝バーナンキ議長,2008/01/18,バーナンキ米連邦準備理事会（FRB）議長は17日、米経済は様々な困難に直面しているものの、FRBは景気後退を予想していないとの認識を示した。議長は下院予算委員会証言での質疑応答で「米経済は依然非常に底堅い」と述べた。そのうえで「経済は引き続き成長すると予想しているが、比較的緩やかなペースになるだろう。特に今年前半は遅いペースになる」との見通しを示した。さらに「最近の指標は、経済がある程度弱くなったことを示している。2008年の成長は明らかに前年を下回る見込みだ」と語った。,10
欧州アジアで米国と同程度の景気減速が起こる可能性低い＝米FRB議長,2008/01/18,バーナンキ米連邦準備理事会（FRB）議長は17日、下院予算委員会で証言し、欧州とアジアが米国と同程度の大幅な景気減速に直面する可能性は低いとの認識を示した。「米国が直面する可能性のある成長鈍化が、アジアや欧州で起こるとは考えていない」と述べた。欧州では米国とは異なり2年に及ぶ住宅市場の低迷が見られていないと指摘した。,10
500─1500億ドル規模の財政刺激策が妥当＝米FRB議長,2008/01/18,米連邦準備理事会（FRB）のバーナンキ議長は17日、500億─1500億ドル規模の財政刺激策が妥当との見方を示した。議長は下院予算委員会での質疑応答で「これが妥当なレンジだ」と語った。ただ「全体の予算に配慮し、税および支出に関する厳しい決定をしなければならない」述べ、議会は支出や財政赤字に十分留意する必要があると語った。,10
米経済、秋には回復する可能性＝ボストン地区連銀総裁,2008/04/17,米ボストン地区連銀のローゼングレン総裁は、米経済が景気後退に陥る寸前にあるものの、低迷する住宅市場とともに秋には回復する可能性があるとの見通しを示した。地元2紙に語った。総裁はボストンヘラルド紙とのインタビューで、指標は景気後退、あるいはその寸前にあることを示していると指摘。そのうえで、最近の政策金利引き下げや税還付措置が奏功し「うまくいけば」今秋中にも景気回復が始まる可能性があるとした。ボストングローブ紙に対して総裁は、米連邦準備理事会（FRB）が一部の個別銀行に対し、融資資金確保に向け減配を促したと語った。FRB幹部はこれまで銀行全般に対し、減配の検討を訴えているが、総裁のコメントはFRBが特定の銀行にアプローチしたことを示した。ただ個別行名は明らかにしなかった。,10
必要ならFF金利を引き下げる余地がある＝ミシュキンFRB理事,2008/04/17,米連邦準備理事会（FRB）のミシュキン理事は16日、景気状況により必要であれば金利を引き下げる余地がある、との見方を示した。理事は上院中小企業委員会で、どの程度の金融政策を実行するかをめぐりFRBには制約があるかとの質問に対して「明らかに、金利水準をゼロ以下にすることはできない。ただ現在の金利は2.25％で、必要であればそれを引き下げる余地はある」と述べた。「さらに、われわれは市場機能改善に向けた措置を引き続き検討しており、今まで講じた策はかなり創造的だと思う。ただ、金融市場を正常な状態に戻すために実施できる措置を今後も検討していく」と述べた。,10
米経済、十分悪いと感じられるほど減速した＝米フィラデルフィア地区連銀総裁,2008/04/17,米フィラデルフィア地区連銀のプロッサー総裁は16日、原油価格が極めて高いとし、リセッション（景気後退）と呼ぶかどうかにかかわらず、経済は十分悪いと感じられるほど減速したと述べた。プロッサー総裁は講演後の質疑応答で「リセッションではないかもしれないが、かなり悪いと感じられる」と指摘。成長見通しは現在弱いとし、景気の減速は雇用から生産に至るまであらゆる部門に影響する可能性があると述べた。国内モーゲージ市場の混乱を受けた金融規制改革を求める動きに言及し、過去数年間の規制緩和は問題ではなかったとの見方を示した。どんなシステムも、一段と複雑化した環境に対応していかなければならないと述べた。,10
欧米経済にとって最大の脅威は商品価格の上昇＝世論調査,2008/04/17,英フィナンシャルタイムズ（FT）紙とハリスインタラクティブ社の世論調査によると、商品価格上昇が欧米経済にとって最大の脅威になるとみなされている。調査は、米国、スペイン、フランス、ドイツ、英国、イタリアの欧米6カ国で、3月27日から4月8日までの期間に6434人の成人を対象に実施された。そのうち、イタリアを除く5カ国で、経済に対する最大の問題として「食品とエネルギー価格の上昇」を挙げた回答が最も多かった。また調査では、自国の政府が経済問題に対処できると信頼していない人々が多いことも分かった。米国では、最近の経済の困難に政府が対応できるかどうかについて、「まったく自信がない」との回答が51％、「少し自信がある」が42％だった。,10
サブプライム問題、邦銀に与える影響は限定的＝全銀協会長,2008/04/17,奥正之全銀協会長（三井住友銀頭取）は17日の定例会見で、サブプライムローン（信用度の低い借り手向け住宅ローン）問題が邦銀に与える影響は引き続き限定的だとの認識を示した。奥会長は、サブプライム関連で証券化商品に損失が発生していることについて「日本の金融機関はすでに引当、償却などの対応をほぼ済ませている。大きな赤字になるわけでもなく、限定的という言葉の範囲内にある」と語った。また、先の7カ国財務相中央銀行総裁会議（G7）で証券化商品の開示強化が打ち出されたことについて「邦銀はこれまでにかなり開示を進めており、大きな影響は出ることがないだろう」との見通しを示した。（ロイター日本語ニュース布施太郎記者）,10
金融機関の貸出懸念、経済下振れリスク強めている＝米FRB副議長,2008/04/18,コーン米連邦準備理事会（FRB）副議長は17日、利下げにもかかわらず金融機関の貸し出し懸念は払しょくされておらず、信用コストは上昇しているとし、こうした状況が経済の下振れリスクを強めている、との考えを示した。リッチモンド地区連銀主催のクレジット市場シンポジウムで述べた。副議長は金融政策がかなり緩和しているにもかかわらず、一部資産価格は下落し、幅広い金融商品などで信用コストや利用可能度が収縮していると指摘。「こうしたひっ迫は経済全般の下振れリスクを強めている」と述べた。金融をめぐる大幅な混乱により、多くの金融機関の手法を含め、金融システムの重大なぜい弱性が浮き彫りになったと指摘した。そのうえで「大手や中小を含め、すべての金融機関はさらなる資本増強が必要かどうかを検討すべきだ。一段の資本増強は信用力や資産価格の予想外の落ち込みによる衝撃を和らげるだけでなく、事業拡大に向けて良好な立場を築くことにもなる」と語った。金融システムの衝撃が経済全般に波及しないよう、金融監督当局は、銀行の最低資本基準や流動性管理を徹底させる必要があるとした。FRBは海外規制当局とも協力し、新BIS規制（バーゼルII）に基づく自己資本基準の強化、特に債務担保証券（CDO）やオフバランスのコミットメントなど「問題となっている特定のエクスポージャー」に関する資本の強化に取り組んでいると述べた。,10
金融市場、G7のメッセージを正しく理解していない＝ユーログループ議長,2008/04/18,ユーロ圏非公式財務相会合（ユーログループ）議長を務めるルクセンブルクのユンケル首相兼財務相は17日、ユーロが過去最高値を更新していることについて、金融市場は7カ国財務相中央銀行総裁会議（G7）のメッセージを正しく理解していないとの認識を示した。これを受け、ユーロ／ドルは一時、大幅に下落した。同議長は記者団に対し「金融市場や他の関係者がG7のメッセージを正しくかつ完全には理解していないという印象を持っている」と語った。そのうえで「欧米のマクロ経済とインフレに関する最近の指標により、逆の方向に向かう動きが出ている。望ましくないと考えている方向だ」と述べた。,10
米英、経済成長に向けできる限りのことをする＝英首相,2008/04/18,ブラウン英首相は17日、ブッシュ米大統領と首脳会談を行い、米英経済が「再び上向きの成長軌道に乗る」よう、両国はできる限りのことをする、との見解で一致したことを明らかにした。ブラウン首相は、ホワイトハウスでの首脳会談後の共同記者会見で「日本で開催される7月の主要国首脳会議（サミット）までに、経済の安定と成長を確実なものとするよう、できる限りのことをするとの見解で一致した」と語った。首相は「経済が再び上向きの成長軌道に乗るよう、金融財政政策で前向きなアプローチを維持することに気を配る必要がある」とした。また「すべての国際的なパートナーに対しても、同様のことを望む」と述べ、金融市場の信頼感を回復するべく、クレジット市場の透明性を高め、銀行のリスク管理を改善するための改革実施に向けた迅速な行動を求めた。ブッシュ大統領は、戻し減税の実施により経済活性化を狙う景気対策法案の効果が現れることを期待していると述べた。,10
米政府、核計画の検証完了前に対北朝鮮制裁緩和も,2008/04/18,ライス米国務長官は17日、北朝鮮が核計画を申告した場合、検証には時間がかかると述べ、検証作業が完了する前に北朝鮮に対する制裁を一部解除する可能性を示唆した。米政府高官によると、米国の訪問団は来週訪朝し、核計画の「完全かつ正確な」検証方法について協議する。北朝鮮は昨年末までに核計画を申告することになっていた。今後、北朝鮮が核計画を申告すれば、米政府は、テロ支援国リストと敵国通商法に基づいて実施している対北朝鮮制裁を緩和するとみられている。,10
ユーロ、世界の基軸通貨にはなり得ない＝ジョージソロス氏,2008/04/18,著名投資家のジョージソロス氏は、ユーロがドルに代わって世界の基軸通貨になることはないだろうと発言、ドルとユーロの二極体制は不安定だと述べた。ソロス氏は「ユーロがドルに代わる存在になるとは思わない。主要2通貨の二極体制は安定した体制とは言えない」と発言。「今は不安定な局面であり、不透明感が高まっている」と述べた。外為市場では、米景気後退懸念からユーロが対ドルで最高値を更新している。ソロス氏は、著書のプロモーションのため、ブリュッセルを訪れている。同氏は、市場の混乱はまだ続いており、投資家は当局の対応や市場の反応が明らかになるまで、資産を守る方法を考えたほうがよいと発言。今回の金融市場の混乱では、マネーサプライだけでなく、信用全体をコントロールすることの重要性を学んだとし、「他のバブルが崩壊しつつあるなかで、商品バブルは依然として膨らんでいる」と指摘した。同氏は、カウンタパーティリスクの透明性を高めるため、債務担保証券（CDO）などの複雑な証券化商品やスワップを取引所取引に移行することが、危機の解決策になるとの見方も示した。ヘッジファンドも他の市場関係者と同じく、規制されるべきであり、金融機関がヘッジファンドのレバレッジ量について情報を入手できるようにするべきだとも述べた。,10
見通しとリスクを見極め、適切に金融政策運営＝白川総裁,2008/04/18,白川方明日銀総裁は18日、支店長会議であいさつし、金融政策運営について「経済物価情勢を丹念に点検しながら、見通しのがい然性とそれに対するリスクを見極めた上で、それらに応じた適切な金融政策運営を行っていく」との姿勢をあらためて示した。＜日本経済は減速後に緩やかな成長経路＞白川総裁は、日本経済について「エネルギー原材料価格高の影響などから、減速している」と指摘。先行きについては「当面減速が続くものの、その後は緩やかな成長経路をたどる」との見方を示した。いずれも4月金融経済月報を踏まえたもので、消費者物価（除く生鮮食品）の前年比についても「経済全体の需給が概ねバランスした状態で推移するもとで、石油製品や食料品の価格上昇などから、プラス基調を続けていく」との判断を繰り返した。もっとも「国際金融資本市場においては、米サブプライムローン（信用度が低い借り手向け住宅ローン）問題に端を発した不安定な状態が続いている」とも指摘。さらに「原油価格をはじめとする国際商品市況の高騰や米国経済の下振れリスクなど、世界経済についての不確実性が高まっている」として「国際金融資本市場や世界経済の動向、エネルギー原材料価格高の影響については、引き続き注意する必要がある」と慎重な見方も示した。一方、日本の金融システムに関しては「現時点において安定性に深刻な影響が及ぶとはみられない」としながらも「金融機関のリスク管理の状況や金融システムへの影響を引き続き注意深く点検していく」と警戒姿勢を崩さなかった。（ロイター日本語ニュース志田義寧記者）,10
UBS、追加増資は不要と認識＝CEO,2008/04/18,スイスの金融大手UBSUBSN.VXのマルセルローナー最高経営責任者（CEO）は17日、同国の週刊紙レブドとのインタビューで、追加の資本増強は必要ないと考えていると述べた。同CEOは、状況に改善の兆しがみえてきたと指摘。ただ、クレジット危機から完全に抜け出すには、あと数カ月かかるとの見方も示した。同CEOは「追加の増資は必要ないのではないかと考えている」とし、「現在のポジションの価値は非常に低いが、半年前に比べれば、厳しさがさらに少し和らいだ」と述べた。「改善の兆しがみえつつある。クレジットデリバティブは、2007年夏以前と比べると価格がかなり下落しており、一部で投資が再開している。今後数カ月で危機から完全に抜け出せるのは明らかだ」と述べた。投資銀行部門で3000─4000人を削減するのかとの質問には「その見積もりはおそらく多すぎる。市場の機会に応じて、キャパシティを調整していく」と述べた。1年後には他の部門の人員も減っているとの見通しも示した。,10
日本経済の下振れリスクは強まっている、米経済減速で＝大田担当相,2008/04/18,大田弘子経済財政担当相は18日、月例経済報告等に関する関係閣僚会議後の会見で「米国の減速感が強まっており、日本経済の下振れリスクは強まっている」との認識を示した。4月の月例経済報告では景気の現状認識先行き判断は基本的に前月と変わらなかった。大田担当相は、景気対策としての財政出動の必要性について「先行きは予見をもって臨むわけにはいかないが、景気は足踏みながら回復が続いている。財政出動を行う局面ではない」と述べた。金融政策面からの対応に関しては「日銀の専管事項でコメントを控える」とした。月例報告の基調判断は「足踏み状態」を維持。各論で業況判断を下方修正した。企業業績の先行きに関して大田担当相は「原油価格資材価格の高騰や円高が企業収益を圧迫しているが、意外にしっかりしている面もある」と指摘。「在庫水準は低く、在庫面からの生産下押しはない。設備や雇用の過剰感もなく、現時点で、国内要因で企業業績が悪化していくことはそれほどない」とし、業況判断悪化の背景は「米経済の減速が大きな要因となっている」と述べた。判断を下方修正した米経済の先行きについては、「年前半は景気は低迷するが、戻し減税の効果が5月から7月にかけて出てくる。（この結果）年後半には持ち直すとのシナリオが描かれている」との米エコノミストの見方を挙げ、「このシナリオでいけば、日本経済への影響は一時的になるだろう」と見通した。中国などアジアから米国向けの輸出の伸び鈍化も顕在化し始めており、大田担当相は日本経済の先行きは「米国経済の減速の大きさと長さ次第」とし、政策効果を見極める段階と繰り返した。月例経済報告関係閣僚会議では、与野党幹部や閣僚から意見や質問もなく短時間で終了した。日銀の白川方明総裁からも、3月日銀短観の概要と金融市場動向についての説明だけで、日米の景気認識や金融政策についての言及はなかったという。（ロイター日本語ニュース吉川裕子）,10
食糧価格高騰、世界の経済成長を脅かす可能性＝国連事務総長,2008/04/21,国連の潘基文（バンキムン）事務総長は20日、食糧価格の高騰が貧困層の削減に向けた取り組みの妨げになる恐れがあり、問題が悪化すれば、世界の経済成長や安全保障を脅かす可能性があるとの見方を示した。事務総長は当地で行われた国連貿易開発会議（UNCTAD）総会の開会にあたり、国連が持つあらゆる手段を講じて食糧価格の問題に対処すると発言。「この問題に対応するため、著名な専門家や指導的立場にある関係当局で構成される強力なタスクフォースを直ちに立ち上げる」と述べた。また、昨年から穀物などの食糧価格が大幅に上昇しており、2015年までに世界の貧困層を半減させるという目標に向けた取り組みの成果が失われる可能性があると警告。複数の国がコメや小麦などの輸出禁止、あるいは輸入に対するインセンティブ導入といった措置を取っていることも国際貿易に歪みを生み、食糧不足を悪化させていると指摘し、「適切に対応しなければ、世界の経済成長、社会的発展、さらには政治的安定といった問題に発展する可能性がある」との見方を示した。,10
米経済の先行き、悲観的な見方が拡大＝全米企業エコノミスト協会,2008/04/21,全米企業エコノミスト協会（NABE）の四半期調査によると、エコノミストの間で米経済の先行きに悲観的な見方が増えている。景気後退（リセッション）入りを予想するエコノミストも、前回調査から増加した。調査は会員エコノミスト109人を対象に3月24日─4月8日に実施した。第1四半期の実績や短期の見通しに「非常に悲観的な」見方が目立ったという。米国建設業協会のチーフエコノミスト、ケンサイモンソン氏は「第1四半期は5年ぶりに、利益率が低下したとの回答が上昇したとの回答を上回った。会員企業の需要の伸びは、2001年の景気後退以降、最低となった」と指摘した。調査では、回答者の約30％が2008年上半期の米国内総生産（GDP）がマイナス成長になると予想。他の大半の回答者も成長率を1％未満と予想している。前回1月の調査では、マイナス成長を予想した回答者は全体の10％にとどまっていた。景気後退は2四半期連続のマイナス成長と定義されることが多い。NABEによると、3カ月前よりも悲観的になったとの回答が全体の70％を占めた。第1四半期の原材料コストが上昇したとの回答は66％で、2004年以降で最高。市場の縮小と商品価格急騰で利益率が圧迫されたという。新規採用に慎重な企業が多いことも明らかになった。今後6カ月で人員を増やすとの回答は全体の34％、減らすとの回答は23％だった。景気減速で企業の値上げが難しくなっている現状も浮き彫りとなった。値上げを予想しているとの回答は34％で、1月調査の47％を下回った。,10
景気は緩やかに回復と期待、米景気など下振れリスクに留意＝財務次官,2008/04/21,津田広喜財務次官は21日午後の会見で、この日に財務省が発表した管内経済情勢報告で、2008年1─3月の景気の全局総括判断が6年3カ月ぶりに下方修正されたことに触れ、先週明らかになった月例経済報告や日銀の支店長会議の景気認識と「平仄（ひょうそく）が合ったものだと考えている」との見解を示した。先行きについては、「改正建築基準法の影響が徐々に収束しつつあるというなかで、輸出が増加基調で推移しており、景気は緩やかに回復していくというふうに期待している」とした。ただ、サブプライムローン（信用度の低い借り手向け住宅融資）問題を発端に米景気に停滞感が出ていることや、金融市場で変動が続いていること、原油原材料価格の高騰に言及し「景気の下振れリスクについては、十分留意する必要があると考えている」との見方を示した。財務省は21日、管内経済情勢報告概要を発表し、全国11の財務局の報告に基づく2008年1─3月の景気の全局総括判断を「全体としては、このところ足踏み状態になっている」に下方修正した。全局判断の下方修正は2001年10─12月期以来、6年3カ月（25期）ぶり。財務省では下方修正の背景について、生産が足踏み状態にあることや、企業の景況感が悪化していることなどを反映したとしている。,10
ユーロ圏の銀行、信用サイクル悪化リスクに直面＝トリシェECB総裁,2008/04/22,欧州中央銀行（ECB）のトリシェ総裁は、ユーロ圏の銀行は信用サイクルの悪化リスクに直面しているとの考えを示した。ECBの2007年年次報告書の序文のコメントが21日に公表された。総裁はその中で、07年は一部セクターで緊張が続き、金融市場にとって「非常に困難なチャレンジ」に特徴づけられた1年だったと振り返った。その上で、ユーロ圏の金融システムは07年中も引き続き回復力に富んでいたものの、銀行は市場の混乱や信用サイクルからさらに影響を受ける可能性があるとの見方を明らかにした。総裁は「ユーロ圏銀行システムの今後のリスクは主として、銀行の資産の質と貸倒引当金にマイナスの意味合いを持つ信用サイクル悪化の可能性に関連している。さらに、世界の不均衡の無秩序な巻き戻しの可能性が、世界的な金融の安定にとっての中期的なリスク要因として残る」と述べた。序文は2月29日までの情報に基づいて書かれており、総裁は現在の経済情勢や金融政策の詳細については触れていない。,10
米経済、景気後退ではなく減速局面に＝米大統領,2008/04/23,ブッシュ米大統領は22日、米経済が景気後退ではなく、減速局面にあるとの認識を示した。大統領は、カナダメキシコとの首脳会議後の記者会見で「米経済は景気後退に陥っていない。減速局面にある」と述べた。米経済が第4四半期に拡大したと指摘。第1四半期の結果はでていないとした上で「減速局面にあることは疑いようがなく、明らかに懸念されている」と述べた。,10
金利はどちらの方向にも動く可能性がある─仏中銀総裁＝WSJ,2008/04/23,欧州中央銀行（ECB）理事会メンバーであるノワイエ仏中銀総裁は、22日の金利に関する自身のコメントについて、市場は深読みし過ぎだと述べた。ウォールストリートジャーナル紙の電子版が伝えた。市場では前日、同総裁の仏ラジオのインタビューを受けてECBの次の動きは利上げの可能性があるとの観測が広がり、ユーロが対ドルで1.6ドルを突破、最高値を更新した。同紙によると、ノワイエ総裁は、市場は自分の発言を金利動向の方向を示すヒントと誤解した、と述べた。同総裁は「（金利は）どちらの方向にも動き得る。わたしは将来の金利動向には言及しない。誰にもわからないからだ。どちらかの方向に予測をするのは危険だ」と述べた。同総裁は前日のインタビューで「われわれにとっての大きな問題は、来年のインフレ率を2％の目標以下に戻すことだ。そのために必要なことは何でも行う」と述べた。さらに「必要であれば金利も変更する。われわれが現在金利を4％に据え置いているのは、それが適切な水準だと考えているからだ」と語った。,10
首相問責決議案、解散につなげる戦術上の判断＝菅代表代行,2008/04/24,民主党の菅直人代表代行は24日の定例会見で、政府与党がガソリン税の暫定税率維持を盛り込んだ租税特別措置法改正案を衆院で再議決した場合の福田康夫首相への問責決議案の提出について、衆院解散総選挙に最も有効につなげていける戦術かどうかの観点から検討していくと述べた。政府与党は暫定税率復活に向け、27日投開票の衆院山口2区補欠選挙の勝敗にかかわらず、4月30日に衆院で同法案を再議決し成立させる方針を固めている。この場合の対応について菅代表代行は「われわれが一番求めているのは解散総選挙。その趣旨に沿ってどういう行動が最も効果的で国民の理解を得られるか、その観点から判断したい。問責が良い悪いというより、解散総選挙に最も有効につなげていける戦術として、どうあるべきかという立場で検討していく」と述べるにとどめた。首相問責決議案の提出時期をめぐり民主党内では、租税特別措置法案改正案が再議決された直後との意見とは別に、今後10年間のガソリン税収を道路整備に充てることを定めた道路整備財源特例法改正案の再可決が可能となる5月12日以降まで見極めて判断すべきとの慎重論が浮上している。背景には、問責決議案提出後の長期の国会空転に対する世論の批判が懸念されることや、山口補選で民主党の追い風になっている後期高齢者医療制度の問題点について「国会で追及するほうが国民の支持が得られる」（幹部）との見方があるためだ。このため民主党としての国会対応は、27日の選挙結果を踏まえ最終決定する見通しで、菅代表代行は、首相問責決議案提出について、政権交代に向けた戦術として有効な時期を選んで対応する考えを示すにとどめた。,10
外貨準備の大量保有国、通貨構成を変更すべきでない＝ユーログループ議長,2008/04/24,ユーログループ議長を務めるルクセンブルクのユンケル首相兼財務相は24日、外貨準備を大量に保有する国はその通貨構成を変更すべきではないとの考えを示した。ロシアのプーチン大統領との会談を控え、ロイターとのインタビューで語った。ユンケル議長は「ロシアやその他の国々が外貨準備における通貨の構成を変えることを望まない。現状維持が好ましい」と述べた。同議長は、為替相場の動きが余りにも不安定で、ユーロ圏経済にとって好ましくない、とする従来の考えをあらためて示した。また、国際通貨基金（IMF）のユーロ圏経済成長見通しについて「余りにも悲観的」と指摘。「欧州委員会は今月に独自の見通しを発表するが、それはIMFの見通しより強い内容となるだろう」と述べた。,10
為替相場の変動が金融経済の安定に及ぼす影響を懸念＝ECB総裁,2008/04/25,トリシェ欧州中央銀行（ECB）総裁は24日、為替相場の変動が金融市場安定に及ぼす影響について懸念を表明した。総裁はECB主催の統計に関する会議の合間に、最近のユーロ高は過剰かと質問され、「ここ最近、大幅な変動が見られる。金融経済の安定に及ぶおそれのある影響を懸念している」と語った。さらに「米大統領、財務長官、バーナンキ連邦準備理事会（FRB）議長ら当局者が強いドルは米国の利益と述べたことは非常に重要であるということを、これまで以上に指摘する」と述べた。金融政策については「物価を安定させ、またインフレ期待抑制に必要な物価安定への信頼感を得るという目標の達成に、現在の金融政策スタンスは寄与する」と指摘。「これは2週間前に理事会として示した見解であり、これを完全に確認する」と語った。,10
消費者国民生活や経済への影響を注視＝CPIで額賀財務相,2008/04/25,額賀福志郎財務相は25日、閣議後の会見で、けさ発表された3月全国消費者物価指数（生鮮食品を除く総合、コアCPI）が前年比1.2％の上昇となったことなどについて、消費者や国民の生活、経済への影響を注視する、と述べた。  前年比のコアCPIが1.2％の上昇となるのは、1998年3月のプラス1.8％以来。額賀財務相は「物価上昇が最近続いている」との認識を示し、「消費者や国民の生活、経済への影響を注視していく」と語った。物価上昇の背景には世界的なエネルギー食料価格の高騰があるが、額賀財務相は「先般のG7（7カ国財務相中央銀行総裁会議）でも大きな懸念が示された」とし、「特に発展途上国において食料不足が国民生活に大きな影響を与えている」と指摘。6月中旬に大阪で開催される主要8カ国（G8）財務相会合では、エネルギー食料価格の高騰などがテーマになるとの見解を示した。その上で、対応策ついて「原材料や食料の価格高騰は各国の国民生活経済に影響を与える。食料の価格高騰、安定供給にどう対応するのか考えていかなければならない」とし、「例えば食料をエネルギーに使うことで、穀物価格が高騰することなどについて問題意識を持たなければならない。一国だけではできず、国際会議などの場で共通認識を作ることが大事だ」と語った。（ロイター日本語ニュース伊藤純夫記者）,10
為替レート、米ベアー救済から動きが変わってきた＝篠原財務官,2008/04/25,篠原尚之財務官は25日、財務省内で記者団に対し、最近の為替市場の動向について、JPモルガンチェース(JPM.N)による米ベアースターンズBSC.Nの買収など救済策の発表以降、名目為替レートの動きが変わってきた、との見方を示した。それまで外為市場では、米サブプライムローン（信用度の低い借り手向け住宅融資）問題などを背景に、例えばドル／円では顕著なドル安／円高傾向となっていたが、その後変化がみられている。篠原財務官は、年初からの為替相場の動向について、ドル安がクローズアップされているが対ドルにおいて、ユーロや円、スイスフランなどは上昇する一方、アイスランドクローナや韓国ウォンなど主に経常収支の赤字国は下落しており「通貨の選別が行われている」と指摘。そうした中で「ベアースターンズの破たんから動きが変わってきた」と分析している。実際、経営危機に直面していた米ベアースターンズの買収など救済策の発表以降は、多くの通貨で対ドルにおけるそれまでの動きが反転、またはブレーキがかかっている。また、篠原財務官は、2001─2002年以降、ドル／円と円の実質実効為替レートの動きにかい離が生じていると指摘。その背景について、貿易においてアジアのウェートが増していることや、アジア通貨がドルペッグ制から離れて近年に対ドルで大きく上昇している点や、ユーロが対ドルで上昇していることなどを挙げ、「ドル／円だけ見ても、円の実力がわかりづらくなってきている」と語った。篠原財務官によると、5月4日にスペインのマドリードで開かれる東南アジア諸国連合と日中韓（ASEANプラス3）の財務相会合では、経済情勢に関する意見交換やチェンマイイニシアティブ（CMI）のマルチ化、アジア債券市場イニシアティブ（ABMI）などについて議論が行われる。このうちCMIのマルチ化は現在、2国間の通貨スワップ取り極めによってネットワークが形成されている仕組みをマルチの契約によって一本化する内容。今回の会合では「イージーマネーにならない仕組みをどうするか」という融資条件などサーベイランスの強化を中心に議論し、中間報告を公表する予定。規模については、現行のCMIの実質的な利用可能額が最大で580億ドル（双方向の総額は840億ドル）となっており「800億ドル程度をメドに今後、交渉することになる」という。また、5月5日にはマドリードにおけるアジア開発銀行（ADB）の年次総会で、額賀福志郎財務相が総務演説を行う予定。（ロイター日本語ニュース伊藤純夫記者）,10
米経済は減速している＝ブッシュ大統領,2008/04/26,ブッシュ米大統領は25日、国内経済は減速しているとしたうえで、税金の払い戻しは経済活動が低迷から回復する一助になるとの見方を示した。大統領はホワイトハウスで声明を発表し「経済が減速しているのは明らかだ」と述べた。,10
世界の金融システムは麻痺状態＝OECD事務局長,2008/04/26,経済協力開発機構（OECD）のグリア事務局長は25日、世界の金融システムは麻痺状態にあり、正常に戻るには時間がかかる、との認識を示した。同事務局長はチェコの議会に出席し「金融システムは麻痺している。普通のオペレーションの多くが行われていない」と述べた。同事務局長によると、OECDは当初、2008年前半は困難な時期になるが後半は好転し、2009年は正常な状態を取り戻すと予想していたとしたうえで「現在は、2008年いっぱい困難な時期が続き、09年前半になって回復に向かい始める可能性があると考えている。正常に戻るのは2010年になるだろう」と語った。,10
洞爺湖サミット前の内閣改造はない＝福田首相,2008/04/27,ロシアを訪問中の福田康夫首相は26日、同行記者団に対し、主要国首脳会議（洞爺湖サミット）前の内閣改造について「ない」とし、可能性を否定した。解散総選挙については「民主党の中にも、自民党の中にも色々な声がある。世論も同様だ」として、流れを見極める考えを示した。ガソリン税などの暫定税率を復活させる租税特別措置法改正案を30日に衆院で再可決する方針を与党幹部が表明していることについては「それはまだ決まっていない」と述べ、「野党の出方を見てということ。まだ時間もあり、私共としては1日も早く（野党に）結論を出して欲しい」として、ボールは野党側に投げられているとの認識を示した。この問題に関連して、首相の問責決議案を野党側が提出する可能性については「その時の判断だ」と述べるにとどめた。,10
米金融危機は前FRB議長とブッシュ政権の責任＝スティグリッツ氏,2008/04/28,ノーベル経済学賞受賞者で世界銀行の首席エコノミストを務めたジョセフスティグリッツ氏は、オーストリアのニュース誌プロフィルとのインタビューで、米国の金融危機は連邦準備理事会（FRB）のグリーンスパン前議長とブッシュ現政権の責任が問われるべきだと指摘した。同氏は「この人物（グリーンスパン氏）は不幸にも多くの過ちを犯した。最初の過ちは、ブッシュ政権下のすべての減税を支持したことだ。これらの減税策は景気を大して刺激しなかった。その後、金融政策に目が向けられ、（グリーンスパン氏は）低金利で信用を大幅に拡大させた」と述べた。グリーンスパン氏は今月、CNBCテレビとのインタビューで米経済はリセッションに陥っていると指摘したが、議長時代の政策の誤りが現在の金融危機の下地を作ったとの批判に対しては、これを退けた。スティグリッツ氏は、大幅なイラク戦費などで経済の回復力が削がれたと述べ、ブッシュ政権も責められるべきだとの考えを示した。また、「ドル安で欧州の輸出が影響を受けるため、欧州経済は引き続き打撃を受ける」と述べ、欧州と米国の非連動性は可能との見方を退けた。,10
米大統領選、人種は本選での勝敗決定要因とならず＝オバマ候補,2008/04/28,米大統領選で民主党の候補指名を目指し、一段の白人票獲得に腐心しているバラクオバマ上院議員（イリノイ州）は、27日放映されたテレビのインタビュー番組「フォックスニュースサンデー」で、人種は11月の大統領選本選で勝敗を決する要因とはならないとの考えを示した。同氏は「われわれの社会で人種は依然として要因かといえば、そうだと言える。それを否定する人はいないと思う。ではそれが本選の勝敗を決める要因になるかといえば、そうはならない。なぜなら、米国民が求めているのは彼らの問題を解決できる人物だと確信しているからだ」と語った。インタビューは26日に録画された。民主党の候補指名争いの次のヤマ場は5月6日にインディアナ州とノースカロライナ州で行われる予備選で、オマバ氏もヒラリークリントン上院議員（ニューヨーク州）も焦点を合わせている。オバマ氏は勝利した州の数や獲得代議員数でクリントン氏をリードしているものの、クリントン氏が大票田のペンシルベニア州とオハイオ州で勝利したことから、白人層の支持を得るオバマ氏の能力に懐疑的な見方が出ている。,10
現在のユーロ圏金利、物価安定の達成に寄与する＝ECB総裁,2008/04/28,欧州中央銀行（ECB）のトリシェ総裁は28日、現在のユーロ圏の金利は物価安定の達成に寄与するとの考えを示した。ECBの10周年を記念するオーストリア中銀主催の会合で講演した。トリシェ総裁は「短期金融市場の秩序だった取引状況の回復を目的にした流動性対策と、短期金利をわれわれの政策金利に近い水準に維持することは、いかなる観点から見ても、長期的な物価安定の達成を危険にさらすことや、市場参加者の軽率な振る舞いに満足することを意味しない。これは現在、中期的な物価安定にとっての上振れ圧力を考慮し、継続中の金融市場の調整を観察すると、とりわけ重要だ」と述べた。,10
米景気後退、予想より深刻化する恐れ＝バフェット氏,2008/04/29,米著名投資家のウォーレンバフェット氏は28日、米経済はリセッション（景気後退）に陥っており、大半の見方よりも景気は深刻な状況になるとの見方を示した。同氏はCNBCテレビで「これはわたしの専門分野ではないが、全般的な感覚として、景気後退は多くの人々が考えるよりも長引き、深まるだろう。短く浅くとはならない」と述べた。さらに「消費者はガソリンや食品価格（上昇の影響）を感じつつあり、ほかへ回すお金があまり多くないと感じていると思う」と語った。,10
為替の急激な変動は懸念要因＝トリシェECB総裁,2008/04/30,欧州中央銀行（ECB）のトリシェ総裁はオーストリア紙スタンダードとのインタビューで、為替の急激な変動は懸念要因だと述べた。インタビュー記事は30日に掲載される。今週の米連邦公開市場委員会（FOMC）では追加利下げが実施されるとみられる一方で、ECBは10カ月連続で金利を据え置き、ユーロ／ドルが最高値を更新する一因となっている。トリシェ総裁は「（欧州と米国は）異なる経済状況に置かれ、経済へのショックもそれが起きている部門も大きく異なる」と指摘。そのうえで「時として激しい為替の動きはもちろん懸念要因だ」と語った。また「われわれの金融政策は中期的な物価安定を確実にすると信じている」と述べ、ECBの現在の金利水準がインフレ目標と整合的との認識を示した。,10
米経済は厳しい状況に直面＝ブッシュ大統領,2008/04/30,ブッシュ米大統領は29日、ホワイトハウスで記者会見し、食料品やエネルギー価格の上昇や住宅市場の低迷に加え、責められるべき議会の無策などにより、米経済は厳しい状況に直面しているとの認識を示した。その上で、記録的な高騰を見せているエネルギー価格を引き下げる「魔法の杖」はないが、今年夏の連邦ガソリン税の一時徴収凍結を検討する考えを示した。ガソリン税凍結構想については今年の大統領選では各候補の間で見解が分かれている。ガソリンが1ガロン＝3.60ドルに上昇し、食料品などの価格も高騰し、国民の間で不安感が高まっているが、大統領はアラスカ州の野生動物保護地区内での原油採掘のほか、原子力発電所や石炭火力発電所などの増設を議会に要請した。大統領は「魔法の杖があれば振っている。これらの問題で対策を提示しているが、議会が再三阻止している」と述べた。,10
目先のガソリン価格より将来不安の解消が大事＝額賀財務相,2008/04/30,額賀福志郎財務相は30日、閣議後の会見で、揮発油税などの暫定税率を復活させる租税特別措置法改正案が30日午後の衆院本会議で再可決され、ガソリン価格が再び上昇する見通しにあることについて、「短期的に国民に迷惑をかけるが、目先のガソリン価格よりも将来の不安解消という政治の目的を果たすことが大事だ」と述べた。その上で、「国民生活経済全般に責任を果たすことで理解を得なければならない」と強調した。また、1カ月間の暫定税率失効で国地方合わせて1800億円程度の税収減が生じることが想定されるが「当初予定されていた事業に適切に対応してほしい」とした上で、不足する税収の対応について「今後の税収動向、予算の執行状況を見て考えていく必要がある」と語った。,10
日本の金融機関のサブプライム関連損失は拡大傾向＝渡辺担当相,2008/04/30,渡辺喜美金融担当相は30日の閣議後の記者会見で、日本の金融機関のサブプライムローン（信用度の低い借りて向け住宅融資）関連の損失は「拡大の傾向にある」と語った。そのうえで「サブプライム問題は終わったわけではないので、さらに警戒水準を高めていく」との姿勢を示した。ただ、国内金融機関のサブプライム関連損失は、欧米の金融機関に比べて「ケタがひとつ小さい」として「米欧と同じ金融システムの問題が日本にあるとは思っていない」との認識を示した。みずほフィナンシャルグループ(8411.T)のみずほ証券が発表した2008年3月期決算は、サブプライム問題の影響で保有する証券化商品の評価損失が拡大したことから当期損益が4186億円の赤字（前年同期は269億円の黒字）となった。ただ、渡辺担当相は「米欧の大手金融機関のように資本に食い込むほどのダメージではない。きちんと損失を表に出すことが疑心暗鬼を回避するもっともよい道だ」との見方を示した。＜新銀行東京の検査、リスク管理態勢を適確に検証＞また渡辺担当相は、 経営難に陥っている新銀行東京の金融検査に入ることについて、同行の臨時株主総会で都を引受先とする400億円の資本増強が決まったことを踏まえて検査の予告を出したことを明らかにしたうえで「いろいろな角度から、経営管理、法令順守、資産査定の管理を含む各種のリスク管理の態勢を的確に検証する」と述べた。ドイツ証券が国内の金融機関などの機関投資家に販売したサブプライム関連を含む複数の証券化商品の時価をずさんに算出していた疑いのあることが証券取引等監視委員会の検査で分かったと一部で報じられていることについては「個別の問題にはコメントしない」としたが「値付けでいい加減なことをやっていたなら許されない」と述べた。（ロイター日本語ニュース村井令二記者）,10
2010年まで米住宅市場の本格的な回復は見込めず＝ファニーメイCEO,2008/04/30,米連邦住宅抵当金庫（ファニーメイ）FNM.Nのダニエルマッド最高経営責任者（CEO）は29日、経済記者との会合で、2010年まで米住宅市場の本格的な回復は見込めないとの考えを示した。同CEOは「谷を歩む時期を迎える」と述べ、今年は「厳しい年に」、来年も「似たような年になる」と予想した。その上で「（2010年に）ある程度の回復が見え始める」と語った。また、「一連の流れの中で資本市場セクションにかなりの安定性が戻ってくると思う」としながらも、将来の回復局面では消費者セクターが金融市場に遅れをとるとの見方を示した。ファニーメイは第1四半期決算を5月6日に発表する予定。,10
追加の景気対策を検討すべき時期ではない＝米財務長官,2008/05/1,ポールソン米財務長官は30日、CNNとのテレビインタビューで、追加の景気対策を検討すべき時期ではないと述べ、戻し減税の効果を見極めたい、との姿勢を示した。長官は、失業保険の給付拡大など、追加の景気対策をとる時期ではない、と主張した。「今は、第1弾の景気対策の効果を見守り、経済動向を注視すべきだ。第2弾の対策を求めるつもりはない」などと述べた。また長官は、ガソリン価格の上昇については、夏季限定のガソリン税免除など、短期的な解決策で解決できるものではないと強調。代替エネルギーの開発強化など、長期的な計画が必要になるとの認識を示した。,10
日本経済は足踏み状態、下振れ要因注意深く見る必要＝財務次官,2008/05/1,一方、米国経済に関しては、相対的に減速しているとしたが、今年後半には経済政策や米連邦準備理事会（FRB）による相次ぐ利下げなどの効果があらわれることを期待している、と述べた。津田次官は、日本経済の現状を「全体的に足踏み状態」としたが、先行きは「改正建築基準法の影響が落ち着いてきており、輸出も引き続き増加基調をたどっている。したがって景気は緩やかに回復していくことを期待している」と語った。ただ、下方リスクも存在すると指摘。米景気減速の影響が（日本の）輸出や他国に与える影響、市場変動、原油など原材料価格の高騰などの「下振れ要因を注意深く見ていく必要がある」と語った。一方、米国経済に関しては「足下、住宅投資が引き続き大幅に減少しており、そうした逆資産効果に伴って消費の伸びも鈍っている。今年に入り、雇用者数も減少が続いており、相対的に減速している」と指摘。30日に発表された1─3月期の実質GDP（国内総生産）が年率換算で前期比プラス0.6％にとどまったことも「それを裏付けている」と語った。先行きについては「今年後半には（政府の）経済政策やFRBによる累次の利下げの効果があらわれてくることを期待している」と述べた。30日に政府与党が租税特別措置法改正案を衆院本会議で再可決したことで、揮発油税などの暫定税率が5月1日の出荷分から復活した。暫定税率が1カ月失効したことに伴う税収不足の穴埋めについて津田次官は「減収額はガソリンの需要と供給の状況によって変わる。今後の税収の推移、予算の執行状況を見極めて決定していく」と述べるにとどめた。（ロイター日本語ニュース伊藤純夫）,10
米経済はリセッション、銀行は今後も住宅問題により圧迫＝バフェット氏,2008/05/5,米著名投資家ウォーレンバフェット氏は4日、米経済はリセッション（景気後退）にあるとの見方を示した。4日の記者会見で語った。前日には、同氏率いる米投資会社バークシャーハサウェイ(BRKa.N)(BRKb.N)の年次株主総会が当地で開催され、過去最多の3万1000人が参加した。米商務省が4月30日に発表した第1四半期の国内総生産（GDP）速報値は年率換算で前期比プラス0.6％となったが、これについてバフェット氏は、米国の人口も同時に増加しており、実質のGDP伸び率はこれより低いと指摘。また、この統計が米経済成長の収縮を示していないとしても、人々そのように感じている、と述べた。同氏は「米経済はわたしの定義するリセッションの状況にある」とし「わたしは、個人が3カ月、6カ月あるいは8カ月前に比べて順調にやっていない状況、企業についても同様のことがいえる状況をリセッションと定義する」と述べた。また同氏は、住宅問題が銀行の決算を「今後数年間にわたり」圧迫すると指摘。銀行が抱える巨額の損失と評価損の計上は「決して」終わっていないとし、「一段の痛みを経験することは間違いない」と語った。,10
アジア開発銀行、食糧高騰で5億ドルの緊急財政支援へ＝黒田総裁,2008/05/7,アジア開発銀行（ADB）の黒田東彦総裁は6日、食糧高騰に伴い財政支援を要請したアジア諸国に対し、最大5億ドル規模の融資を行う方針を明らかにした。また、農業セクターに対する2009年の投資額を20億ドルに倍増する考えを示した。同総裁はADB年次総会閉幕の記者会見で、弱者や貧困層に食糧が行き渡るよう「最も打撃を受けた諸国に対する即時財政支援として5億ドルを拠出する」と発表。さらに「農村の社会基盤をはじめとする農業天然資源（プロジェクト）への融資を向こう1年間で2倍に増やし、20億ドル強とする」と述べた。,10
オバマ氏、指名獲得に向け一歩近づいたと表明,2008/05/7,米大統領選で民主党の指名を争うオバマ上院議員は6日、同党ノースカロライナ州予備選でクリントン上院議員に大差で勝利したことについて、オバマ陣営の側近らが指名争いは近く終わりを迎えると予想しており、指名獲得に向け一歩近づいたとの認識を示した。オバマ氏は「民主党候補に指名された際に勝利を争うことができるほどの大差で勝てたことをノースカロライナ州の人々に感謝したい」と述べた。民主党インディアナ州予備選の結果については、多くの米テレビ局が判定を下すには余りにも僅差だとするなか、CBSテレビはクリントン氏がオバマ氏に勝利したと予想。オバマ氏は「クリントン氏の勝利とみられる状況」を祝福した。オバマ陣営の側近らは、11月の大統領選本選に向けオバマ氏が代議員獲得数でクリントン氏に対する優勢を維持するとして、今回の投票結果はオバマ氏にとって成功だったと指摘。同陣営のチーフストラテジストは「（指名争いは）終わりに近づいている」と述べ、8月の民主党全国大会よりはるかに前にオバマ氏が指名を獲得するとの見方を示した。,10
クリントン氏、インディアナ州予備選での勝利受け支援者に謝意,2008/05/7,クリントン米上院議員は6日、大統領選挙の民主党予備選が行われたインディアナ州で勝利を収めたことを受け、支援者に対し「これはあなた方の勝利だ」と謝意を示した。米CBSニュースは、インディアナ州の予備選ではクリントン氏が勝利したもようだと伝えた。クリントン氏はインディアナ州での大会で、「われわれは今晩、劣勢を跳ね返した。ホワイトハウスに向け、疾走する」と述べた。クリントン氏は、民主党の候補者指名を勝ち取るための争いをやめる考えはないと述べ、選挙運動を続けるために資金面での支援を求めた。,10
英景気低迷、予想よりも深刻な可能性─ダーリング財務相＝現地紙,2008/09/1,ダーリング英財務相は30日、ガーディアン紙とのインタビューで、英経済の低迷は当初考えられていたよりも深刻で、より長期にわたる可能性がある、との見方を示した。その上で、この60年間で最悪のものになるかもしれないと述べた。労働党政権の支持率は過去6カ月で低下し、保守党を21ポイント下回っている。財務相のコメントにより、景気減速でブラウン首相の支持率回復がさらに難しくなる、との懸念が、政府内で高まっていることが示された。総選挙は遅くとも2010年半ばまでに行われる。ダーリング財務相は、政府は国民にメッセージを十分に伝えることができなかったと認めたうえで、現政権にはもう1期務めるだけの価値があることを有権者に納得させるべく、全力を尽くすと強調した。同紙によると、財務相は経済は「60年間で最悪とみられる。考えられていたより深刻で、より長期にわたるのではないか」と述べた。英政府は数日中に、経済を下支えるための措置を発表する見通し。,10
定額減税、政府が物価高対応で緊急措置必要と判断＝杉本財務次官,2008/09/1,杉本和行財務次官は1日、総合経済対策に定額減税が急きょ盛り込まれたことについて、価格転嫁にタイムラグが発生し国民生活を圧迫する懸念があるため、政府による一種の緊急措置が必要と判断したとの見方を示した。杉本次官は当初、政府自民党が慎重姿勢を取っていた定額減税が総合経済対策に盛り込まれた背景について、29日に発表された消費者物価指数（CPI）が2％を超えるなど「物価高が進展し、それに対してどういう施策を講じるかという議論がされたと思う」と述べた。その上で「資源や食料の高騰に起因する物価高は、本来、製品価格や賃金への転嫁の円滑化で対応されるべき。しかし、転嫁のタイムラグがあるので、国民は生活水準切り下げのリスクに直面している」とし、「こうした中で、政府が財源状況も勘案しながら、一種の緊急的な措置を講じることが必要かつ適切ということが、与党間の議論を踏まえて考えられたと認識している」と語った。総合経済対策は、特別減税の2008年度内の実施を盛り込んだ。物価高対応のため家計への緊急支援として単年度の措置と明記し「規模実施方式などについては、財源を勘案しつつ、年末の税制抜本改革の議論に併せて引き続き検討する」としている。また、杉本財務次官は総合経済対策に伴って編成される1兆8000億円の補正予算の財源について「既存の歳出を見直す中で、ギリギリの財源捻出の努力をすることになるが、具体的な内容については早急に検討したい」と述べるにとどめた。（ロイター日本語ニュース伊藤純夫記者）,10
国民無視の手法に強い憤り、直ちに解散総選挙を＝民主幹事長,2008/09/1,民主党の鳩山由紀夫幹事長は1日、福田康夫首相の辞任表明を受けて「あまりにも国会軽視、国民無視の手法に強い憤りを禁じえない。直ちに解散して総選挙を行うべき。それが国民の声だ」とコメントした。,10
突然の首相辞任に驚き、諸改革これからという時に残念＝日商会頭,2008/09/1,日本商工会議所の岡村正会頭（東芝会長）は1日、福田康夫首相の辞任表明を受け、「突然の辞任に驚きを禁じ得ない。臨時国会を目前に控えて総合経済対策もまとまり、消費者庁設置など国民のために取り組んできた諸改革の実行がこれからというときだけに、残念」とのコメントを発表した。さらに、「今は1日たりとも政冶空白が許されない。自民党は速やかに新総裁を選出し、挙党体制を組んで国会に臨み、国内的にも対外的にも山積している課題解決に全力を挙げるべきだ」としている。,10
「グスタフ」は深刻な気象現象、危険去っていない＝米大統領,2008/09/2,ブッシュ米大統領は1日、ハリケーン「グスタフ」がメキシコ湾岸地域に被害を及ぼす危険がなくなったわけではないと警告した。緊急対策について現政権は2005年のハリケーン「カトリーナ」から教訓を得たとした。大統領は「この嵐はまだ去っていない。深刻な（気象）現象だ」と指摘。緊急対策の調整は「カトリーナの時から大幅に改善した」と語った。,10
世界経済のある程度の減速必要＝白川日銀総裁,2008/09/2,白川方明日銀総裁は名古屋での各界代表者との懇談会で講演し、世界経済がより持続的な成長過程への移行過程にあり、ある程度の世界経済のスピード調整を経なければ次の発展への条件が整わないとの考えを示した。さらに、一般的な金融政策運営への教訓として、金融緩和の行き過ぎが時間を経て経済の大きな変動をもたらすという観察を大事にする必要があるとして、金融緩和長期化がもたらすリスクへの注意が必要だとも述べた。日本経済については、現在景気の下振れと物価の上振れの双方に注意が必要な局面だとした上で、深い調整に陥る可能性は小さいとの認識を示した。,10
福田首相辞任が日本経済にどう影響及ぼすか注視＝日銀総裁,2008/09/2,白川方明日銀総裁は2日、名古屋での金融経済懇談会後の記者会見で、1日に福田康夫首相が辞任を表明したことについて、企業動向や日本経済にどのような影響を及ぼすか注視したいと述べた。 同総裁は、総裁就任にあたって首相から温かい励ましを受けたとして、突然の辞任表明に驚いているとしながらも、「首相が変わったからといって後ろ盾を失ったとは考えていない」として、物価安定の下での持続的成長に向けて日銀の役割を果たしていく考えを示した。また国際商品市場の下落について、世界経済全体の減速が背景なのか、投機的マネーの動きが要因なのか、どちらが大きいかにより、日本経済への影響が変わってくるとの見方を示した。個人的には、商品市況上昇局面では需給面からの影響が大きいとみていたとし、下落が長期化すれば世界経済全体の減速が背景になっている可能性があるとの認識を示した。,10
福田首相辞任、市場動向や日本経済への影響を注視＝白川日銀総裁,2008/09/2,白川方明日銀総裁は2日、名古屋での金融経済懇談会後の記者会見で、1日に福田康夫首相が辞任表明したことについて「市場動向や日本経済にどのような影響を及ぼすか注視したい」と述べた。同総裁は、突然の辞任表明に驚いているとしながら、自身を総裁として任命した福田首相が辞任しても「後ろ盾を失ったとは考えていない」として、物価安定の下での持続的成長に向けて日銀の役割を果たしていく考えを示した。国際商品市場の下落の影響について質問を受けると「世界経済全体の減速が背景なのか、投機的マネーの動きが要因なのか、どちらが大きいかにより、日本経済への影響が変わってくる」との認識を示した。個人的には、商品市況上昇局面では需給面からの影響が大きいとみていたとし、下落が長期化すれば世界経済全体の減速が背景になっている可能性があると語った。日本経済の停滞状況が金融環境に影響している状況について、白川総裁は「中小企業を中心に金融機関の与信態度が厳しくなっているとの声が増えていることは認識している」と述べ、「建設不動産などの業種で倒産が増加しているが、その背景にはマクロ環境の悪化により、金融機関にとって信用リスク管理という課題の重要性が増している」と指摘した。そのうえで、「収益悪化で企業倒産も増加しており、金融機関の与信動向については注意深くみていきたい」との認識を示した。ただ、「かつてのように、自己資本不足や流動性の問題から貸せないという状況にはない。むしろ貸出残高は増加している」とし、「企業金融環境は全体として緩和的な状態が維持されている」と述べた。景気が回復する見通しについて、白川総裁はまず米国経済動向について「米第2四半期の成長率は減税効果もあり高めとなったが、下半期にかけて成長率は低下し停滞気味に推移すると見ている」と、当面は米国経済は回復しないとの見通しを示した。その理由として、住宅投資について価格動向からみて下げ止まっていないこと、金融市場と資産価格、実体経済の負の相乗作用収束の展望が見えないこと、原材料価格高騰は足元少し下落気味ながら先行きはどうなるかわからないこと、をあげた。一方、国内景気は、当面停滞が続く可能性が高いとしながらも、交易条件は足元止まっており、やがてこの影響も減衰していく上、世界経済も現局面から変わってくるとの見通しを示し、中心的なシナリオとしては持続的成長軌道に回復していくとの判断を示した。ただ、景気物価双方ともに不確実性が高く、両方のリスクを注意深くみていくと付け加えた。（ロイター日本語ニュース中川泉記者；編集宮崎大）,10
福田内閣退陣後も日中関係は変わらず＝中国有識者,2008/09/2,日本の福田康夫首相が1日に辞任を表明したことについて、中国の有識者の間では福田内閣が退陣した後も両国の関係改善路線は維持されるとの見方が支配的だ。中国政府は福田首相の辞任表明について公式な見解を明らかにしていないが、中国国営メディアは、同首相が中国との関係改善に果たした役割を高く評価している。中国外交学院のQin Yaqing教授は「中国と日本が共有する利益は双方にとり無視できないほど重要になったため、次に誰が首相になろうと、関係改善の基本的なトレンドは変わらない」と話す。一方で「両国間には未解決の具体的な問題が多数存在する」と指摘。「日本の次の首相は、問題解決に向けて福田首相と同じ考えを共有するとは限らないが、解決に向けた姿勢は変わらない」とした。ポスト福田の有力候補として麻生太郎自民幹事長の名前が挙がっていることについて、有識者の多くは、福田首相ほど分かりやすい人物ではないとしながらも、2001─2006年の小泉政権の下で日中関係がこじれた時のような状況にはならないとみている。中国社会科学院で日本を専門とするGao Hong氏は人民日報のウェブサイトに寄稿し、「麻生氏が政権についた場合でも、中国との関係において大きな変化はない」との見解を示した。清華大学の日本の専門家、Liu Jiangyong氏は北京青年日報に対し「中国と日本の関係が覆されるようなことはない」と話す。ただ両国関係の土台はぜい弱な状態が続くとも予測した。2007年9月に就任した福田首相は、今年5月に胡錦濤国家主席と東京で会談。その後6月に東シナ海ガス田の共同開発問題について中国側と合意にこぎつけていた。,10
メキシコ湾岸の製油活動、完全回復には2週間かかる＝米内務省高官,2008/09/3,米内務省高官は、ハリケーン「グスタフ」によるメキシコ湾岸の石油天然ガス施設への大きな被害は今のところみられないが、生産活動が完全に回復するには2週間かかる、との見方を示した。一方、現在大西洋上で停滞している熱帯性低気圧「ハンナ」について、今後の勢力や進行方向は現時点で予測できない、とした。,10
ドイツ経済、恐らく景気後退に入った＝経済技術次官,2008/09/4,ドイツのオトレンバ経済技術次官は、ドイツ経済が恐らく5年超ぶりにリセッション（景気後退）に入ったとした上で、来年に回復する見込みは薄いとの認識を示した。次官は3日に発表されたロイターとのインタビューで「第3四半期にゼロ成長にとどまればまだ幸いといえ、実際はマイナス成長の流れを見込んでいる」と指摘。「経済統計調査は明らかに下降を示しつつあり、（経済は）間違いなく落ち込むだろう」と語った。さらに「問題は速やかに終わらない見通しで、来年に回復するかどうかは疑問だ」と述べた。最近のユーロ安ドル高について、経済への恩恵を見込むのは早計とした。「ユーロ／ドルが1.20─1.30ドルに向かって下落すれば負担は和らぐだろう。現時点で（相場は）依然として比較的高水準だ」と話した。8月の消費者物価指数（CPI）は、前年比の伸び率が前月の3.3％から3.1％に鈍化した。次官は最近数カ月の大幅な物価上昇は過去の事柄で「正常化への回帰とはいえないが大幅な負担軽減だ」と述べた。原油高は引き続き問題だともした。,10
米大統領に就任したらビンラディン容疑者を捕まえる＝マケイン氏,2008/09/4,米大統領選の共和党候補に指名されるジョンマケイン氏は3日、大統領に就任したらアルカイダ指導者ウサマビンラディン容疑者を捕まえると言明した。同氏はABCの番組「ワールドニュース」でインタビューに出演し「クリントン前大統領にはビンラディンを拘束する機会があった。ブッシュ現大統領にもその機会はあった。私は、その方法を知っており、実行する」と語った。また、民主党のバラクオバマ候補に言及し「私は、正しい判断を下すための理解もあるし、知識も蓄積も経験もある。オバマ上院議員にはそれがない。オバマ氏は、世界がどのように回っているのか、軍がどのように機能しているのかを知らない」と述べた。オバマ候補は先週、マケイン氏がアルカイダ追跡よりイラク戦争に焦点を合わせたことでビンラディン容疑者のアフガニスタン逃亡を許したと非難。マケイン氏は、番組でそれに対する回答を求められていた。,10
ECB理事会後のトリシェ総裁の発言要旨,2008/09/5,欧州中央銀行（ECB）は4日の理事会で、主要政策金利である定例買いオペの最低応札金利を4.25％に据え置いた。理事会後の記者会見でのトリシェ総裁発言要旨は以下のとおり。＜受け入れ担保＞リスク管理手法に関する半年に一度の見直しについて、資産担保証券（ABS）は償還までの期間やクーポンの種類に関わらず12％のヘアカット（担保の掛け目）適用を決定した。すなわちすべて12％だ。＜格付け＞また、格付けに関する新たな決定を導入した。ABS格付けについては一段と高い開示基準を求めている。格付けは一般に入手可能な信用格付け報告で説明される必要がある。さらに、外部の信用評価機関に少なくとも四半期ごとにABS格付けの見直しを公表するよう求める方針だ。＜金融機関発行債券＞金融機関発行の無担保債券については、5％のヘアカット上乗せの適用を決定した。,10
米信用収縮、終えんには程遠い＝FDIC総裁,2008/09/5,米連邦預金保険公社（FDIC）のシーラベアー総裁は4日、問題のあるローンが引き続き増えており、米銀行は今後数四半期に発生する損失に備え、貸倒引当金を積み増す必要があるとの見方を示した。総裁はフロリダ州の銀行グループに向けた講演の草稿で「信用収縮は終えんには程遠いと受け入れる必要がある」と話した。カリフォルニア州の住宅ローン銀行インディマックバンコープIDMC.PKを筆頭に、FDICが預金保証を付した10行が今年、経営破たんに陥った。総裁は破たんに陥る銀行が増えると予想したが、FDICの450億ドルの保険基金は、これに対処するのに十分な水準だと述べた。インディマックの破たんにより、FDICが負担するコストは約89億ドルと予想されている。,10
西側諸国がロシアのWTO加盟を阻止している＝ロシア副首相,2008/09/5,ロシアのシュバロフ第1副首相は、ロシア経済紙「ベドモスチ」とのインタビューで、同国は世界貿易機関（WTO）への加盟を望んでいるが、西側が阻止していると述べた。「我が国の経済政策のなかで、WTO加盟は最優先課題の1つだ。われわれは、できるだけ早期の加盟を強く望んでいる。われわれは、西側諸国が交渉と加盟手続きの完了を阻んでいると判断している」と述べた。米政府は、8月のロシアのグルジア侵攻により、WTO加盟が遅れる可能性があると警告している。これを受けて先月、プーチン首相やロシア当局者はWTO加盟交渉を打ち切る用意があると表明、これまでの交渉過程で決めてコミットメントの一部を凍結すると述べた。,10
欧州委の経済見通し、成長鈍化を強調へ＝ユーログループ議長,2008/09/6,ユーログループ議長を務めるルクセンブルクのユンケル首相兼財務相は5日、欧州委員会が来週発表する最新の経済見通しについて、域内経済の弱さが強調されるとの見通しを示した。ユンケル議長は当地でロイターに対し「欧州委の見通しはかなりの成長鈍化を強調する」と語った。賃金へのインフレの二次的影響を回避することが重要とした上で、生産性の上昇に見合った賃上げは受け入れられるとの見解を示した。,10
08年第2四半期の米住宅差し押さえ率、過去最高水準＝米抵当銀行協会,2008/09/6,米抵当銀行協会（MBA）は5日、国内の住宅差し押さえおよび差し押さえ手続きに入っている住宅が2008年第2四半期に、過去最高水準に上昇したことを明らかにした。MBAの首席エコノミスト兼シニアバイスプレジデントのジェイブリンクマン氏は「最も深刻な状況となっている州が引き続き悪化したことで、全米の差し押さえ件数が引き続き押し上げられた」と述べた。テキサスやマサチューセッツ、メリーランドなど一部の州で改善がみられたものの、カリフォルニアフロリダ両州での差し押さえ増加が全体を圧迫した。大半の州は概ね変わらずだった一方、カリフォルニアフロリダ州は第2四半期に差し押さえ手続きに入った物件の39％、前四半期からの差し押さえ増加分の73％を占めた。第2四半期に国内ローンのうち差し押さえ手続きに入ったローンの割合は1.19％に上昇。前四半期は0.99％、前年同期は0.65％だった。住宅ローンの延滞率は6.41％で、現在の算出方法が開始された1979年以降で最高の水準となった。,10
ユーロ圏経済、2009年には回復の見通し＝ECB総裁,2008/09/8,欧州中央銀行（ECB）のトリシェ総裁は6日、ユーロ圏経済は来年には回復し始めるとの見通しを示した。総裁は、イタリアのテレビ「Rａｉ」とのインタビューで、「（今年の）第2、第3四半期には景気は底を打つだろう。2009年には徐々に回復すると予想している」と述べた。3日には、アルムニア欧州委員（経済通貨問題担当）が、ユーロ圏は深刻な景気減速リスクに直面している、と述べている。,10
政府系住宅金融機関救済の仕組み、納税者保護につながる＝米財務長官,2008/09/8,ポールソン米財務長官は8日、連邦住宅抵当金庫（ファニーメイ）と連邦住宅貸付抵当公社（フレディマック）を政府の管理下に置く計画は、ある意味で納税者の保護につながる仕組みだ、との認識を示した。ラジオインタビューで同長官は、救済策を決めたのは、両社に「大きな構造的欠陥」を確認したことを受けたものだと指摘、「われわれは納税者を守るため、非常に慎重に仕組みを作り上げた。損失はまず初めに既存の株主が引き受けるような構造になる」と述べた。同長官は、政府の支援が優先されるため既存の株主は救済されない、と強調した。また「米国における現在の経済的問題の中心は住宅市場の調整だ」と述べ、住宅問題が景気悪化の主因になっているとの見方を示した。,10
消費税、総裁選で具体的に上げ下げ議論しない＝与謝野担当相,2008/09/9,与謝野馨経済財政担当相は9日の閣議後会見で、自民党総裁選での消費税増税の争点化に関連して、具体的に上げ下げを議論するつもりはないとし、税制全体のなかでの議論を訴えていく考えをあらためて示した。財政再建について与謝野担当相は「誰が立候補しようと、誰が総理になろうと、避けることはできない重要な課題だ」としながらも、歳入改革を含む処方せんに関しては「消費税に限らず、法人税所得税相続税など他の税制全体のなかで議論し、国民の理解を得るようきちんと説明し理解していただく」と語った。そのうえで、「具体的にその税制を上げるとか下げるとか議論するつもりはない」と指摘。消費税の扱いについて「総裁選でそういう話になればそれぞれの考え方を述べることになる」としたが、「個別の税制ひとつを取り上げてどうするか（議論するの）は不毛な議論だ」と繰り返した。総裁選出馬を表明している麻生太郎自民党幹事長が日本経済について全治3年と言及していることに関しては「総合的判断だろうが、どこをどう直すか具体的な診断も必要ではないか」と述べ、けん制した。そのうえで与謝野担当相は日本経済については「悲観する状況ではない。金融セクターは意外と欧米諸国に比べて痛んでいなかったと現時点で判断している」としながらも、「日本経済が痛んでいるとしたら、原材料食料高による打撃を受けているセクター、米国経済が不振に陥ることで外需に依存している分野が苦労している」と指摘。経済回復への取り組みでは「外的要件で苦しくなっていることにはじっと耐えて待つしかない。その過程で、資金ショートして中小企業経営が行き詰るのは避けなければならない」と強調。国民の職場防衛の観点からも、雇用の7割を占める中小企業対策は大事だと語った。また、公共事業削減が地方経済の疲弊につながったとの批判に対しては、「地方経済が疲弊していることに目をつぶってはいけないが、公共事業という大変効き目の高い薬に再び頼ることが正しいことか一考を要する」と述べ、慎重な見方を示した。与謝野氏は、小泉構造改革の本質は非ケインジアン政策で効率の悪いところに資本と労働がはりつくことへの見直しだったと繰り返し、「構造改革なくして成長なしとした小泉元首相のスローガンは重大な真理を含んでいた」と語った。,10
長期的な減速を回避するための対応が必要＝アルムニア欧州委員,2008/09/9,アルムニア欧州委員はフランクフルトでの講演で、10日発表の欧州委経済見通しについて触れ、2008年下期についてはあまりよくないことが示されるだろう、とした。ただ、ユーロ圏インフレはおそらく8月がピークだった、と話した。アルムニア委員は講演草稿で「われわれの経済を力強い持続的成長軌道に戻すための対応が必要だ。無駄にする時間はない」と述べた。同委員は、労働市場はこれまでよく持ちこたえてきたが、経済の底堅さが試されることは疑いの余地がないだろう、と述べた。10日に発表される欧州委経済見通しについて、08年下期と09年初めの見通しをあまりよくないとした欧州中央銀行（ECB）や経済協力開発機構（OECD）による最新見通しと、ほぼ同じになるとの見方を示した。世界的な信用収縮は金融セクターを一段と圧迫し、銀行はすでに5000億ドル以上の損失を計上したが「間違いなく、損失はこれ以上になる」と述べた。銀行間で資金を融通するインターバンク市場の機能が近いうちに正常化する兆しはほとんどない、とも指摘した。同委員は、金融市場の透明性を向上させるための重要な進展があったが、一段の措置が必要と指摘。「金融機関は、08年中間決算で金融混乱に関連したエクスポージャーの全面開示を求めた、金融安定化フォーラム（FSF）の提言に対応すべきだ」と述べた。）,10
衆院選、自民党総裁選後遠くない将来行われるだろう＝小泉元首相,2008/09/11,小泉純一郎元首相は11日、都内で開かれた出版記念フォーラムで「自民党総裁選が終わってそう遠くない将来に衆院選が行われるだろう」との認識を示した。さらに「今、自民党を取り巻く風は厳しい。逆風のなかの逆風だ」とし、「結党以来、最大の逆風の選挙が待ち構えている」と語った。10日にスタートした総裁選立候補者の誰を支持するかについては「きょうのところは『何も言えねえ』」とかわした。政治の表舞台から退いた後も去就が注目される小泉元首相だが、「もう少し頑張って、この日本をよくするよう、側面からお役に立てればと思っている」と締めくくった。,10
米住宅価格が底打ちに近いか結論出ていない＝FRB副議長,2008/09/12,米連邦準備理事会（FRB）のコーン副議長は11日、住宅価格の下落が最終局面にあることを示す明確な証拠はないとの見方を示した。副議長は講演原稿で「住宅価格が底打ちに近いかどうかの結論はいまだ出ていない」と述べた。研究者の間では一部の市場で住宅価格の下落ペースが緩やかになっているとの指摘があるとした上で、住宅ローン基準が今春以降厳格化したことが住宅価格に一段と影響を与えている可能性があると語った。各金融機関が余裕のある時期に資本の緩衝材（バッファ）を増やしておけば、経済状況が悪化しても一段とスムーズに調整が進む可能性があるとした。FRBはこれまで行ってきた、金融機関に対する特別な流動性対策については、FRBが会社を甘やかせば結果として会社の融資態度がいいかげんになるのではないかとの批判も出ている。コーン副議長は「バッファが大きければ、われわれの流動性対策拡大によってもたらされるかもしれないモラルハザードの抑制につながるだろう」とした。一方、FRBの対策にもかかわらず複数の市場が依然として混乱しており流動性も乏しいと指摘した。クレジット状況は当面、引き締め状況が続く公算が大きいとの見方に賛成で、そうした動きは経済状況の正常化を阻害するだろうと述べた。,10
リーマンへの公的資金投入、あり得ない─米財務長官＝関係者,2008/09/13,ポールソン米財務長官に近い関係筋は12日、投資銀行リーマンブラザーズLEH.Nの問題解決のために公的資金を投入する考えは長官には断固としてないと述べた。関係者はロイターに対し、リーマンはすでに米連邦準備理事会（FRB）から大規模な援助を得ていると指摘。「ベアースターンズのケースと違う点が2つある。一つは市場がずいぶん前から状況を把握し、準備する時間があったという点だ。もう一つは、秩序あるプロセスのための時間を考慮し、プライマリーディーラー向け連銀窓口貸出制度（プライマリーディーラークレジットファシリティー＝PDCF）をFRBが創設していることだ」と語った。そのうえで「こうした点を踏まえると、（リーマンをめぐる）状況を解決するために政府の資金が使わないということを、（ポールソン長官は）断固譲らないだろう」と述べた。,10
金融市場の安定目指したFRBなどの行動を支持＝米財務長官,2008/09/15,ポールソン米財務長官は14日、金融市場の安定と強化を目指した米証券取引委員会（SEC）、米連邦準備理事会（FRB）、市場参加者の行動を支持するとの声明を発表した。長官はこの中で、米投資銀行大手リーマンブラザーズLEH.N問題への対応策や広く報じられているバンクオブアメリカ(BAC.N)によるメリルリンチMER.N買収合意には触れていない。長官は特に、市場参加者の努力に謝意を表したほか、市場の安定維持に向けて監督当局や議会と協力していく意向を明らかにした。,10
大手金融機関が破たんする可能性＝FRB前議長,2008/09/15,米連邦準備理事会（FRB）のグリーンスパン前議長は14日、「ほかにも大手金融機関が破たんに陥る可能性がある」としたうえで、これが必ずしも問題になるわけではない、との見方を示した。米ABCテレビの番組に出演した前議長は、金融機関の破たんについては「扱い方と清算の方法次第だ」と述べた。さらに「すべての金融機関の保護を試みるべきではない。金融情勢の変化の過程で、勝ち組と負け組みに分かれることは珍しくない」と話した。リーマンや米保険アメリカンインターナショナルグループ（AIG）(AIG.N)など主要金融機関の株式がこの数日、大きく売られているものの、前議長は7月の株式の空売り規制の導入は誤った考え方だったと述べた。米証券取引委員会（SEC）は7月、借り株の裏付けのない空売りを規制する措置を、リーマンや、政府系住宅金融機関（GSE）の連邦住宅抵当金庫（ファニーメイ）FNM.Nと連邦住宅貸付抵当公社（フレディマック）FRE.Nを含む19機関を対象に導入した。GSE2社はその後、政府の管理下に入った。,10
金融市場の安定維持に必要な措置を講じる用意＝米財務長官,2008/09/16,ポールソン米財務長官は15日、米金融システムは緊張しているものの、依然として健全との見方を示した。その上で、安定性維持に必要であれば、追加措置を講じる用意があると述べた。長官はホワイトハウスでの記者会見で、住宅市場の調整は引き続き主要な課題だとし、混乱収束に向けた政府による政府関連住宅金融機関（GSE）救済措置に言及した。「金融市場の安定性と秩序の維持に必要な追加措置を講じるために、国内海外の規制当局、米議会の政策担当者と共に取り組んでいくことにコミットしている」と述べた。米保険大手のアメリカンインターナショナルグループ（AIG）(AIG.N)が緊急融資を求めているとの報道についての質問には「ニューヨークで今起きていることは政府からのどのようなつなぎ融資とも関係がない」と回答。民間セクターの努力だと語った。長官は、金融システムが直面している問題の多くは「旧態依然とした」規制システムが要因との見方を示した。「私が対処していることの多くは何年も前に行われたことの結果である場合が多い」と述べた。米住宅価格の低迷が一服するまで、「金融市場の混乱は続く」との見方を示したが、それは遠くない可能性があるとした。「住宅（市場の）調整の大部分が何カ月も前に済んでいる可能性は十分ある」と語った。,10
当選したら直ちに金融関連の規制改革を実施＝オバマ氏,2008/09/16,オバマ民主党米大統領候補は15日、金融市場の信頼を回復するためには米国の金融関連の規制改革が不可欠なため、自身が当選したら直ちに改革を実施すると述べた。オバマ候補は選挙キャンペーン先のコロラド州で移動中の飛行機の中でロイターとのインタビューに応じ、連邦準備理事会（FRB）と財務省は世界大恐慌以来の深刻な金融危機に直面していると述べた。しかし、金融市場を揺るがしたいかなる問題に対しても、政治的に対処できなかったという前例はないとした上で、「どんな問題も、最終的にはパッチワークのように様々な施策を組み合わせた措置が必要となる」と述べた。今回の問題に対しては、短期的には、危機の震源となっている住宅市場の安定化を図るためにさらなる措置が必要だとした。「既に投資家と金融機関が多額の損失を被り、多くの（住宅が）差し押さえられた。このような状況になった後も住宅市場が悪化を続けるならば、さらなる措置を講じなければならない」と述べた。しかし「現段階で具体的な措置について言及するのは時期尚早だ」と述べ、具体策については明言を避けた。,10
為替株の動きパニックでない、米当局と緊密に情報交換＝伊吹財務相,2008/09/16,伊吹文明財務相は16日の閣議後会見で、米リーマンブラザーズの経営破たんなど米金融システム問題が深刻化していることに関し「米国の財務当局とは緊密に情報交換している」とし、米国の対応を注視していくと述べた。金融市場が大きく不安定化しているが、為替株は危機やパニックという動きではない、との見方を示した。さらに米国の財務当局とは緊密に情報を交換しており、G7（主要7カ国財務相中銀総裁会議）のメンバー国やロシアを含めたG8各国の当局とは常に連絡がつく状況になっていると強調した。  伊吹財務相は、リーマンブラザーズの経営破たんなど米国の金融システム不安が深刻化していることに関連し「米国の財務当局とは、大臣スタッフレベルで緊密に情報交換している」とし、「逐一、米国の動きは十分こちらで把握していた。米国側の対応を温かく注視していく。基本的には米国内の金融行政の問題だ」と語った。また、伊吹財務相は「いつ、いかなる時もG7G8間で連絡がつくような状況になっている」と付け加えた。日本の金融機関への影響に関しては、「各々の金融機関の自己資本の状況などを見ると、リーマン関連の貸出などがあっても、日本の金融機関、金融システムについては不安はない」と明言。ただ、「リーマンブラザーズを含め多くの金融機関が国際的に活動していることを考えると、この事態について的確に判断しておかなければならない」とし、「今後も必要があれば、臨機応変な対応ができるよう、国内国際的に連絡を確立しておくという状況」と語った。今回の一連の事態を受けて為替市場で円高／ドル安が進行していることについて「私がコメントするとそれに応じて為替市場が動くのでコメントしない」としながらも、「想定の範囲内ということではないか。全体的な為替株式市場の動きを見ると、危機やパニックという動きではない」との認識を示した。,10
経営揺るがすエクスポージャーある邦銀ない＝金融庁長官,2008/09/17,金融庁の佐藤隆文長官は16日、ロイターとのインタビューで、米リーマンブラザーズLEH.Nが破たんしたことについて「日本の金融機関はそれなりにエクスポージャーがあるし、ある程度の損失を被る可能性がある」との認識を示した。一方で「経営を揺るがすような巨大なレベルのエクスポージャーを持っているようなケースには現時点で接していない」と話した。国内金融機関のリーマンへのエクスポージャーの実態把握について、佐藤長官は、主要行、証券、保険を含めて「主だったところは調査が済んでいる」という。ただ、この調査は「金融セクター全体をモニターし、日本の金融システムの安定に問題が生じないようフォローするために行っている」と強調、当局から金額を公表することには否定的な見解を示した。米リーマンが連邦破産裁判所に提出した資料によると、日本の金融機関はリーマンに対し、あおぞら銀行(8304.T)やみずほコーポレート銀行など8機関で計16億7000万ドル（約1700億円）を融資していることが分かっている。ただ、佐藤長官は「裁判所の資料は基本的に融資を拾っている」と指摘。日本の金融機関のリーマンへのエクスポージャーには「融資以外にも、債券、デリバティブなどがある可能性がある。この中には担保でカバーされていたり、ヘッジされている部分も含まれている可能性がある」と説明した。リーマンの破たんについては「日本の金融システムに直接、深刻な影響を与える状況にはなっていない」と述べた。ただ、世界的な金融市場の混乱は「正常化するには相当な時間を要する」との認識を示した。さらに、市場のボラティリティが高まることで実体経済に影響し、日本の銀行の不良債権を増加させる可能性があると指摘した。政府は16日午前の閣議後、金融関係閣僚懇談会を開いた。福田康夫首相のほか、茂木敏充金融担当相、伊吹文明財務相、与謝野馨経済財政相、白川方明日銀総裁のほか、佐藤長官も出席した。この懇談会では、1）事態の推移を注意深く見守りながら冷静に対応する、2）日銀、財務省、金融庁など国内の関係当局で緊密な連携をとりつつ、それぞれが海外当局とのカウンターパートとの情報交換連携を密にする――との対応を確認。これを受けて、金融庁としては「リーマンの破たんが日本の金融セクターにどんな影響を及ぼすか、高い警戒水準を維持しながら注視していく」との考えを示した。（ロイター日本語ニュース村井令二記者）,10
アジアの金融機関にも混乱及ぶ可能性＝黒田ADB総裁,2008/09/18,アジア開発銀行（ADB）の黒田東彦総裁は、欧米の大手銀行を揺るがしている混乱が、アジアの主要金融機関にも及ぶ可能性があると警告。市場の安定を維持するため、域内の当局中銀は協調して行動する必要があると述べた。当地で講演した総裁は、サブプライムローン（信用度の低い借り手向け住宅ローン）関連の損失はほかの地域と比べて小さいとしても、最近の出来事がアジアの金融機関に影響しないという保証はないと指摘。今週の展開がアジアの金融機関に及ぼす影響について、注視していく必要があると述べた。また総裁は、アジアの流動性は潤沢だが、不動産など複数の資産市場はショックに対してぜい弱、との見方を示した。アジア域内の金融システムの発展状況に大きな違いがあることも懸念要因だ、としている。総裁は、混乱がアジアに波及するのを防ぐには、規制当局の協調や、金融市場のインフラ強化、市場の競争促進が必要、との認識を示した。,10
市場安定に向け追加措置を講じる用意ある＝米大統領,2008/09/19,ブッシュ米大統領は18日、金融市場の混乱に対する懸念を表明するとともに、市場安定に向け今まで取られた措置に加えて、特別な対策を講じる用意があると述べた。大統領は記者団に対して「米国民は、米金融市場を強化安定させ、投資家心理を改善するために、政府が引き続き措置を講じると思って間違いない」と述べた。ホワイトハウスのペリノ報道官は、仮に追加措置が検討されているとしたら、どのような内容になるかについてはコメントを控えた。大統領はこの日、ポールソン財務長官との会合が予定されている。,10
「大きすぎて潰せない」金融機関を決める厳格な基準ない＝オバマ陣営,2008/09/19,米大統領選の民主党候補オバマ上院議員の経済政策アドバイザーを務めているジェーソンファーマン氏は17日、「大きすぎて潰せない」金融機関を決める厳格な基準はないと述べた。ファーマン氏はロイターの電話取材に対し、税金による企業救済は常に最終手段であるが、その決定はケースバイケースで行われなければならず、対象企業の破たんが金融システムや経済に重大な被害をもたらすかどうかを考慮しなければならない、と述べた。そのうえで「それぞれで事情が異なる。厳格な基準を作るのは不可能だが、経済の強さを維持しつつも、納税者を保護するために最善のことはしたい」とも語った。米保険大手アメリカンインターナショナルグループ（AIG）(AIG.N)に対し、連邦準備理事会（FRB）が850億ドルの有担保融資の実施を発表したことについては、批判も明確な支持も表明しなかった。オバマ氏は「われわれはこの救済措置の詳細をすべて知っているわけではないが、FRBは保険を頼りにしている家族が守られることを保証しなければならない。計画が、AIGの株主や経営陣を救済するものであってはならない」と述べた。,10
日本の金融システム、かつてないほど健全＝ウィルバーロス氏,2008/09/19,破綻した企業への投資買収で知られるWLロスアンドカンパニー会長兼CEOで、インベスコプライベートエクイティ会長のウィルバーロス氏は、日本の金融システムが「米国よりも、かつてないほど健全なものになっている」と述べた。同氏が会長を務めるインベスコグループのセミナーで、18日、プレス向けにコメントした。ロス氏は、米リーマンブラザーズLEH.Nの破たんから始まったここ数日間の金融市場の混乱を受け、米国経済は2009年いっぱい難しい状態が続くだろうとしたうえで「不良債権に直面している米国の中小規模の銀行は、今後100の単位で破たんする可能性がある」と述べた。同氏は「米国では大恐慌まではユニバーサルバンキングだったが、それが恐慌の原因になったとしてグラスティーガル法が生まれ、銀行は商業銀行と投資銀行に分離された。しかし既にこの法律はなくなっている。大手の投資銀行がほとんど残っていない状況で、一部には投資銀行買収の話などがメディアに流れている。商業銀行と投資銀行の統合の道は開かれている」とした。またロス氏は、国際貿易こそが世界のエンジンとしたうえで「現在、景気が停滞気味の日本において、よき貿易のパートナーである米国や中国の景気がスローダウンすることは、日本経済にも何らかの影響を与えかねない」と述べた。ロス氏は、日本において1999年に破綻した第二地銀の幸福銀行を買収。「関西さわやか銀行」として再生した実績があるほか、最近ではインドの航空会社スパイスジェットに出資している。（ロイター日本語ニュース岩崎成子記者）,10
不良資産買取り案、外銀も利用可能＝米財務長官,2008/09/22,ポールソン米財務長官は21日、ABCテレビの番組に出演し、金融機関が抱える住宅ローン関連不良資産を公的資金で最大7000億ドル買い取る案について、外国銀行も利用して不良資産を処理することが可能になると述べた。長官は「その通りだし、そうすべきだ。なぜなら、金融機関が米国で業務を展開していれば、米国で人々を雇用していることになり、流動性を欠いた資産がこれらの金融機関の障害になっていれば、他の金融機関と同様の影響を米国民に与えることになる」と語った。,10
金融市場の問題解決へ政府介入は不可欠＝米大統領,2008/09/22,ブッシュ米大統領は19日、金融市場を揺るがしている問題を解決するためには政府の介入が必要との見解を示した。大統領は「わが国経済の健全性を守るための行動が今必要だ。現在の金融市場の不安定な状態と、国民の日常生活にとっての市場の重要性を考慮すると、政府の介入は正当なだけでなく、不可欠だ」と述べた。,10
経済は全治3年、消費税増税を考えるのはその先＝麻生新総裁,2008/09/22,自民党の新総裁に就任した麻生太郎氏は22日夕、党本部で記者会見し、衆院解散総選挙の時期に関連して「民主党が補正予算案の成立を阻止反対するのは、常識的には考えにくい」と述べ、野党の動きをけん制した。また同時に、緊急経済対策の裏付けとなる2008年度補正予算案の成立後をにらんでいることをにじませた。消費税引き上げに関しては、経済は全治3年で、消費税増税を考えるのはその先の議論だとの認識を示した。＜最大の使命は、景気に対する不安解消＞麻生新総裁は会見の冒頭、総裁選に入る前の10カ月間に地方を遊説した際、「景気は後退しているとの確信を強くした」と述べ、「景気に対する不安、それを解消できない政治に対する不満が多く聞かれる。これをいかに解消していくかが私の大きな使命だ」と語った。＜消費税上げは、名目2─3％成長見据えて＞その上で目先取り組むべき課題は「景気対策」と繰り返し、現行5％の消費税の税率引き上げの時期と幅については「肝心なのは、今が不景気だということを忘れてはならない」と強調した。さらに麻生新総裁は「名目成長が2％程度。3％ぐらいいけば最高。そうしたものがある程度続き、経営者が設備投資をしても大丈夫、消費者が消費をしてもいいとなってからでないと、うかつに上げると（消費税を5％に引き上げ、経済失速を招いた橋本政権の）二の舞になりかねない」と述べ、「景気がそこそこと思われるのに、全治3年と表現してきたが、3年ぐらいかかるのではないか。消費税増税を考えるのはそれから先だ」と語った。一方で将来の消費税の姿に関しては、少子高齢化のなか、米国型の「小福祉小負担」か、欧州型の「高福祉高負担」かの選択を迫られており、日本の国民合意は「中福祉中負担」だろうと指摘。「（現在の小負担から中負担への移行の）かなりの部分は消費税にいかざるを得ない」と述べ、社会保障財源としての将来の消費税引き上げの必要性は認めた。その上で「いきなり10％か、というのが率直な実感だ。また、食料はゼロでもよい」などとも語り、消費税を引き上げる場合には段階的引き上げや複数税率が議論になるとの認識を示した。（ロイター日本語ニュース吉川裕子記者）,10
米財務長官FRB議長、金融安定化策で議会に迅速な行動求める,2008/09/24,バーナンキ米連邦準備理事会（FRB）議長とポールソン米財務長官は23日、上院銀行委員会で証言し、金融安定化策で議会に迅速な行動を求めた。深刻な緊張下にある市場の安定化に向けた最善策は、金融機関が抱える住宅ローン関連の不良資産を政府が公的資金で買い取ることだと主張した。バーナンキ議長は「状況を安定させ、金融市場や経済への非常に深刻な影響を回避するために、議会には迅速な行動が求められる」と述べた。影響の詳細には触れなかった。ポールソン長官は、市場の混乱はすでに経済全般に拡大したと指摘。「この混乱の原因に根本的かつ包括的に対処するため、一段の断固とした措置を取る必要がある」と強調した。これに対し同委員会のドッド委員長（民主党）は、不良資産買い取り対象となる金融機関について、経営陣の報酬を制限しなければ有権者の怒りを買うと主張。政府による安定化策は「驚くべき、前代未聞の規模であり、詳細を欠いている」と述べた。シェルビー議員（共和党）は「財務省による場当たり的対応をまとめたに過ぎない」とし、税金の無駄遣いになる可能性に懸念を表明した。議会側は迅速な対応を約束した一方で、納税者の保護や経営陣の報酬制限などを盛り込むよう求めている。証券取引委員会（SEC）のコックス委員長は議会に対し、58兆ドル規模のクレジットデフォルトスワップ（CDS）市場の規制上の抜け穴をふさぐ必要があると指摘。監督の欠如は重大な懸念だと述べた。一部のアナリストや投資家の間では、金融安定化策の効果に対する懐疑的な見方が広がっている。投資会社フュージョンIQのリサーチ部門代表、バリーリソルツ氏は「（財務長官とFRB議長は）住宅市場の問題で判断を誤り、レバレッジ問題を見過ごし、デリバティブ問題を過小評価した。この危機が始まって以来、ほとんどすべてについて間違ってきた。米国史上最大規模の救済策をめぐる2人の判断を信じるべき理由があるだろうか」と述べた。,10
金融安定化策が景気刺激すればより早い利上げ必要＝FRB議長,2008/09/25,米連邦準備理事会（FRB）のバーナンキ議長は24日、上下両院合同経済委員会で証言し、金融安定化策が景気を刺激すれば、FRBはより早い利上げでの対応が必要になる、との見方を示した。議長は「仮に（支援策が）金融市場の強化や信用供与の増加、経済成長支援につながる場合、FRBはより早い利上げで対応する必要がある。ただそうしたことは、通常の回復過程の一部だろう。経済が通常の成長ペースに戻るに伴い、FRBも金利を一段と通常の水準に戻したい」と語った。また「住宅需要のある程度の安定化を示すいくつかの兆候がみられるが、一時的なものだと思う。なぜなら、仮にクレジット市場が機能しなくなり、住宅ローン利用が減少した場合、住宅需要は大幅に減退するからだ」と語った。その上で「建設セクターは既にかなり低迷していることから、間もなくある程度の底入れがあると思う」との見方を示した。,10
米財務長官、金融安定化策めぐり経営者の報酬制限で譲歩,2008/09/25,ポールソン米財務長官は24日、最大7000億ドルの金融安定化策について、対象金融機関の経営者の報酬制限を盛り込むように修正すべきだとの考えを示した。長官は下院金融委員会で証言し、米金融機関の経営者に巨額の報酬が支払われてきたことに対する国民の怒りは理解できるとした上で、金融安定化策に対する迅速な支持を求める考えをあらためて示した。長官は「これ（金融機関の経営者に対する巨額報酬）は深刻な問題だという意見に賛成する。金融安定化策のなかでこの問題を是正するための方法を見つけなければいけないが、同策の実効性を損なうことがあってはならない」と述べた。長官がこれまで、経営者の報酬制限を盛り込めば、金融機関が安定化策の利用を敬遠し、金融システムからモーゲージ関連不良資産を取り除くための努力が損なわれると主張してきたことを踏まえると、この発言は大幅な譲歩となる。ブッシュ米大統領は、米東部時間24日午後9時（日本時間25日午前10時）にテレビ演説を行い、金融安定化策について、金融機関の経営者を救済するものではなく、より広範な経済を支援するために必要な措置だとして国民の支持を求める方針。ポールソン長官は一方で、不良資産の買い取り対象となる金融機関の株式取得を盛り込むよう求める議会の考えについては言及しなかった。長官は、金融安定化対策から得られる利益を納税者が共有すべきとの議会の見方は理解できるとした上で「この計画は米国民の利益になる。なぜならば現在のぜい弱な金融システムにより米国民の幸福が脅かされているからだ」と述べた。ポールソン長官とバーナンキ米連邦準備理事会（FRB）議長は、株主価値が希薄化されるとなれば、金融機関は安定化策の利用を敬遠する可能性があると指摘している。,10
大き過ぎてつぶせない企業を減らす必要＝米FRB議長,2008/09/25,バーナンキ米連邦準備理事会（FRB）議長は24日、上下両院合同経済委員会で証言し、規模が大き過ぎて破たんさせることができない企業を減らす必要があるとの見解を示した。議長は「この金融の緊張という状況を踏まえ、破たんさせるには大き過ぎる企業が増加したことに驚いている。われわれが予想していた以上に増加した」と述べた。「この数を減らし、システム全般に深刻な悪影響を及ぼすことなく大企業の破たんが可能となるための措置を講じる必要がある」と語った。さらに、金融市場の問題に対して十分な措置が取られると市場が確信する必要があると指摘。「不十分な措置では規模が小さいと受け止められる可能性があり、信頼の問題に対処するには十分な効力を持たない可能性がある」との見方を示した。,10
米国は「深刻な金融危機」にある＝ブッシュ米大統領,2008/09/25,ブッシュ米大統領は24日、米国民向けにテレビ演説し、米国は深刻な金融危機にあるとして、7000億ドルの金融安定化策を支持するよう訴えた。ブッシュ大統領は「われわれは深刻な金融危機のさなかにあり、連邦政府は断固たる行動で対応している」と述べた。さらに、市場は適切に機能しておらず、信頼感が幅広く失われ、主要セクターはリスクにさらされ、さらに銀行が破たんして米経済をリセッション（景気後退）に追い込む恐れがあると指摘、「それが起きるのを許してはならない」と語った。,10
海外経済は09年まで減速＝野田日銀審議委員,2008/09/25,野田忠男日銀審議委員は25日、釧路での金融経済懇談会であいさつし、海外経済は2009年まで減速が続き、2010年にようやく成長率が高まるとの見通しを示した。海外経済の減速は日本の輸出にも本格的に影響を及ぼしつつあるとし、先行き設備投資や雇用調整の影響に注意する必要があると警戒感を示した。こうした状況のもと、日本経済を1年半から2年というフォワードルッキングな視点で見た場合の「次第に緩やかな成長経路に復していく」とのメイナンシナリオは維持するとしたものの、前提条件となる国際商品市況の落ち着きと海外経済が減速局面を脱するという2点が現在最大のリスク要因でもあると指摘した。＜海外経済、2010年にようやく成長率高まる＞野田委員はあいさつの中で、国際金融市場の混乱について「米欧金融機関の最終損失がどの程度になるか霧の中」であり、この霧が晴れない限り市場は落ち着きを取り戻せない」とした。また「今回の米政府による不良債権買い取りスキームの詳細が判明していない現在は、確かなことは見通せない」とも述べた。米国経済については「米国の一部金融機関がデフォルトに至ったことにより、米欧金融機関による資本調達が極めて困難になったことが、実体経済への負のフィードバックに拍車をかけることがないかを、90年代の日本の経験を踏まえ、私は警戒している」と述べ、リーマンブラザーズが破綻した影響が景気に対しても極めて大きくなることへの懸念を示した。さらに「火元」である米住宅市場の混迷については「底入れまでになお時間が必要」だとし、住宅価格は2010年半ばまでに直近の価格からさらに2割下落していく見通しだと述べた。このため「米実体経済は潜在成長率に向かって回復軌道に戻るというFRBが抱いていると思われるメインシナリオの展望に確信が持てるようになるには、なお時間が必要と見ている」と厳しい見方を示した。海外経済全体については、「米国経済が停滞感を強める中、非資源国における交易条件悪化の影響などを背景として、当面減速が強まる見通し」だとし、「08、09年と減速し、2010年に漸く成長率が高まるとの見通しを持っている」と述べた。,10
米金融安定化法案、近く合意成立と期待＝大統領,2008/09/26,ブッシュ米大統領は25日、金融安定化法案で近く合意が成立すると期待していると表明、法案が議会を通過しなければ、米国は深刻な経済危機に見舞われるとの認識を示した。大統領は「法案が通過しなければ、深刻な危機に陥る。可能な限り早急な対応が必要だ」とし、「非常に近い時期に合意が成立する期待している」と述べた。,10
消費者物価は引き続き動向注視、内閣支持率「いい数字」＝与謝野担当相,2008/09/26,与謝野馨経済財政担当相は26日、閣議後の会見で、8月の全国消費者物価指数（生鮮食品を除く総合、コアCPI）が前年比2.4％上昇となったことに関して、消費者物価は前年比プラスが続くとし、「賃金が上がらないなかでの生活関連物資の上昇は生活者に大きな影響があり、引き続き動向を注視する」と述べた。原油価格の下落を受けて金融市場では、消費者物価上昇のピークアウト感も出始めているが、与謝野担当相は「価格変化には数カ月を要する」とし「コストが下がることは物価にマイナス寄与するが、消費者が実感するまでには時間がかかる」と述べ、物価の高止まり感を警戒。10月には電気料金の引き上げも予想され、与謝野担当相は「物価と生活について注意深くみていきたい」と繰り返した。＜麻生内閣支持率、バブルでもデフレでもなくいい数字＞日本経済新聞や朝日新聞など報道各社による世論調査によると、麻生内閣の支持率は日経新聞が53％、朝日新聞が48％となり、福田内閣末期の調査に比べ上昇した。しかし、いずれの調査も安倍政権福田政権両政権発足時の支持率を下回った。迫る衆院選を控え厳しいスタートにもみえるが与謝野担当相は「コメの問題などいくつかのマイナスの事案があったなかでスタートした。その分だけ差し引いて評価しなければならない」としたえうで、「あまりバブルでもないし、あまりデフレでもない。スタートとしてはいい数字」と評価した。一方、小泉純一郎元首相の政界引退表明に関しては「引退は少し早いと思うが、政治活動は続けられるとのこと。幅広い趣味と関心をもっておられるので、これからも充実した人生になると確信する」と指摘。「小泉元首相が登場されたときは、自民党が沈没寸前であり、自民党の救世主として働かれた。自民党の恩人」と小泉氏の功績を評価した。（ロイター日本語ニュース吉川裕子記者）,10
金融不安、米国の対応見守る＝財務金融相,2008/09/27,中川昭一財務金融担当相は26日、ロイターなどとのインタビューで、米国発の世界的な金融不安に対し、日本の不良債権処理の経験を世界に伝えることで貢献していくと語った。ただ、米金融機関に公的資金で資本注入することについては「日本からやれとは言いにくい」と語り、米国の対応を見守る方針を示した。一方、日本経済については「デフレ状態」との認識をあらためて示し、追加の景気対策の必要性をにじませながらも、先に政府与党が決定した緊急経済対策の早期実行が不可欠と指摘。日本版政府系ファンド（ソブリンウェルスファンド＝SWF）を設立して外貨準備を運用することに関しては、基本的な必要性を指摘したものの、「現時点では慎重に対応した方がいい」と語った。＜不良資産の買い取り、米国の調整を見守る＞米国発の金融不安については「日本が（不良債権処理で）苦しんでいた時期に似ている」と指摘。日本はバブル崩壊後の不良債権処理で、1）不良債権の買い取り、2）公的資金の資本注入――を実施しているが「日本としては米国だけでなく世界的に経験や苦労を伝える」との姿勢を示した。米国の金融安定化は、不良資産の買い取りを柱としているが、公的資金による資本注入には触れていない。中川財務相金融担当相は、米国の公的資金による資本増強については「日本から米国にやれとはなかなか言いにくい」とも語った。ただ「米国がどう判断を適時するかだ。何か相談があれば、われわれとしても積極的に応じたい」とも述べた。ただ、米国の金融安定化策は政府と議会の調整が難航している。市場の反応については「私の立場では安易に予測すべきではない。今は、政府と議会で必死になって対策をとっていると理解している。それがいい方向に行くように見守っていく」とした。＜為替の乱高下はプラスにならない、各国協調迅速対応が必要＞こうした中、国際金融市場の混乱が続いているが、為替については「為替は実需だけでない部分があり、急速な乱高下は決してプラスにならない」と指摘。ドル相場が不安定な状況にある中で、ドル安が進行した場合の市場介入の可能性については「為替介入という言葉は慎重に使わなければいけない」と述べるにとどめ、「先週、主要国がドルの短期資金を供給したが、広い意味で、各国がよく相談し、迅速に対応し合うことは今後も必要と思う」と各国が協力して対応することの必要性を訴えた。,10
米議会、金融安定化策で大筋合意＝ペロシ下院議長,2008/09/28,米議会の指導部は28日、最大7000億ドルの公的資金を使った金融機関の不良資産買い取りなどを含む金融安定化策の協議で大筋合意した。ただ、最終的な法案化にはまだ時間を要する見通し。ペロシ下院議長（民主党）は記者団に対し「われわれは大きく前進した。正式に合意するために文書化しなくてはならない」と述べた。,10
米金融安定化法案、障害解消につながる＝財務長官,2008/09/29,ポールソン米財務長官は28日、金融安定化法案について、金融市場の障害解消につながるとの確信を示した。長官は声明で「この法案は、金融市場の障害を解消し、雇用創出促進につながる金融機関の信用供給能力を拡大する柔軟性をもたらすと確信している」と述べた。また7000億ドル規模の安定化策に超党派で合意したことは、金融システムと経済を守るために米国があらゆる必要な措置を講じるとの決意を世界の投資家に示すことになると述べた。,10
米金融安定化策を歓迎、一刻も早くいい流れに＝財務金融相,2008/09/29,中川昭一財務相兼金融担当相は29日午前の臨時閣議後に会見し、米国の金融安定化策が大筋合意に達し、成立の見通しとなったことについて歓迎の意向を表明するとともに、世界的な金融問題が解決に向けた流れになることに期待感を示した。中川財務金融担当相は、世界的な金融不安について「この問題はグローバルの中で決していい方向には行っていない状況」との現状認識を示した。その上で、金融安定化の目的を達成することで「この流れを止めて、一刻も早くいい流れにしていくことを期待する」とした。さらに日本としても「グローバルの中での役割は大きいので、これからも緊密に連携を取ってやっていきたい」との方針を示した。29日の閣議では、歳出に1兆8000億円程度の緊急経済対策費を計上した約1兆0600億円の08年度補正予算案を決定した。財源として1兆円程度の建設国債を追加発行する一方、赤字国債を約6300億円減額する。政府は直ちに補正予算案を国会に提出するが、与党内では、中山成彬前国土交通相の引責辞任を受け、補正予算審議前に解散すべきとの声も聞かれる。これに対して中川財務金融相は「いろいろ考えがあると思うが、私の立場としては一刻も早く（補正予算案を）審議、成立し、国地方のために役立てるようにしたい」と補正予算成立に意欲を示し、対決姿勢を強める野党に対して「いい方向に成果が出るように、同じ目的でやっていただきたい」と理解を求めた。また、中山前国交相の一連の問題発言について「適切さを欠いている」と指摘。その上で「就任から時間を経たずに麻生チームの1人が交代することは非常に残念」と語った。（ロイター日本語ニュース村井令二、伊藤純夫）,10
金融安定化策が早急に必要、作業続ける＝米財務長官,2008/09/30,ポールソン米財務長官は29日、金融安定化策が早急に必要であるとの認識を示し、成立に向けて議会側との作業を続ける意向を明らかにした。財務長官は、米下院による金融安定化法案の否決について話し合うためブッシュ大統領と会合を行った後、記者団に対し「やるべきことが多くある。失敗に終わらせるにはあまりにも重要すぎる」と述べ、「一刻も早く対応する必要がある」と強調した。また、欧米の大手金融機関の破たんや買収など、金融市場は過去数日に大きな混乱に直面したと指摘。「各国市場が圧迫を受けており、その影響で全米の企業が融資を受けにくくなる」と付け加えた。財務省と連邦準備理事会（FRB）、証券取引委員会（SEC）は引き続き市場の問題への対応に努めるとし、あらゆるツールを使って市場と経済を守る意向を表明。「道具箱の中にはかなりのツールがそろっているが、十分ではない。議会の承認が得られるまで作業を続ける」と述べた。その上で、こうした圧力にもかかわらず、米金融システムはよく持ちこたえているとの見方を示した。,10
米経済の先行きは、政府の断固とした行動次第＝ブッシュ大統領,2008/10/1,ブッシュ米大統領は30日、米経済の先行きは、金融救済策をめぐる政府の断固とした行動次第、との見方を示した。大統領は「米国や各国の市民に対して、立法化プロセスは終わったわけではないと断言する」と述べた。さらに「米経済にとり重大な時期にあり、景気を再度軌道に乗せるためにも問題のある資産に対応する法律が必要だ」との見方を示した。また「この状態が継続すれば、経済にとっての打撃は痛みを伴い、長引くだろう」と語った。,10
米国発の金融不安で日本が最後の出し手にも＝渡辺元金融担当相,2008/10/1,渡辺喜美元金融担当相は30日、ロイターとのインタビューで、米国発の金融不安について、当局が公的資金の資本注入を採用する段階まで至っていないことから、混乱はしばらく続くとの見方を示した。また、日本の民間金融機関が資金の出し手として存在感を高めているが、日本政府も「最後の出し手」として海外から要請を受ける場面が出てくるとの見通しを示した。さらに「そのときにどういう対応ができるかは考えておく必要がある」との認識を示した上で、国際協調の枠組みの中で、外貨準備の資金を活用することもあり得るとの考えを示した。インタビューの詳細は以下の通り。――米国発の金融不安と当局の対応をどうみるか。「流動性の危機の背景にはソルベンシー（支払い能力）の問題がある。当面は流動性の供給でしのいでいくしか手立てがないようだが、根本治療には程遠い。金融安定化法案は不良資産の買い取りに過ぎず、次の政権までのつなぎの位置づけだったと思う。その間、巨大金融機関への危機が及ぶか及ばないかという中で、何とかこのスキームで切り抜けるつもりだったのだろうが、そのつなぎの政策すら下院で否決されてしまって大混乱に陥っている」――日本の不良債権処理の経験はどのように役立つか。「金融システム全体に支払い不能の恐れが高まっているときに公的資金の注入は正当化される。これが日本の教訓だ。日本が公的資金を使ってやったのは、1）預金者保護の金銭贈与、2）不良債権の買い取り、3）金融機関への資本注入――の3つだが、最も成功したのは言うまでもなく資本注入。公的資金には、破たん処理スキームと破たん前スキームが必要だが、米国では残念ながらその段階までたどり着いていない。混乱はしばらくは続かざるを得ない状態になっている」「公的資金を使うなら責任追及とセットになる。日本でも相当もめた。不良資産の買い取りスキームを作っても、厳しい責任追及を受けるなら、スキームを利用する側は回避行動に出る。しかし大事なのは、ツーリトルツーレイト、兵力の逐次投入ではだめだというのが日本の教訓。ここが米国や欧州の当局に問われる。金融安定化法案には、時価会計の停止の項目もあるようだが、もしもこれを使って情報開示をブラックアウトするならば、損失処理と資本増強を一気呵成にやってしまわなければならない。それができないと逆に疑心暗鬼を深めるだけなので要注意だ」,10
欧州には金融危機に敢然と立ち向かう方策がある＝ECB総裁,2008/10/1,欧州中央銀行（ECB）のトリシェ総裁は30日、フランス2テレビとのインタビューで、欧州には金融危機に敢然と立ち向かうために必要な方策があり、これまでのところ欧州諸国は正しい措置を実施しているとの認識を示した。総裁は「われわれは大西洋を横断してやってきた危機に敢然として立ち向かうため必要な方策を持っている。危機はわれわれが作り出したものではなく、当然ながら、可能な限りわれわれ自身を守ることが賢明だ」と述べ、「この1年数カ月の間に、われわれが危機に果敢に対処できることが証明されたと思う」と付け加えた。米国と同種の救済策が欧州にも望ましいのではないかとの質問には、欧州は独自の解決策を見つける必要があると答え、欧州はそうした状況に迅速かつ十分な行動を取ることができ、米国のまねをする必要はないと語った。さらに、ECBの最大の目標は物価安定の維持だとあらためて表明し、金利水準についてはコメントを拒否した。,10
消費税上げ、避けて通れないが現在の経済状況では困難＝首相,2008/10/1,麻生太郎首相は1日、衆院本会議で、消費税の税率引き上げについて「引き上げは避けて通れないが、現在の経済状況では困難」と述べた。首相の所信表明に対する鳩山由紀夫民主党幹事長の質問に答えた。追加経済対策としての第2次補正予算の必要性については「緊急総合対策を着実に実施することが当面最も重要なことであり、まずは補正予算を早急に成立させることが必要である」としたうえで、あらためて「対策決定後も国際金融情勢は大きく変動している。対策の効果を見極めたうえで、必要に応じさらなる対応を弾力的に行っていく必要がある」と語った。（ロイター日本語ニュース吉川裕子）,10
EU各国政府は大手銀行を破たんさせない＝ユーログループ議長,2008/10/1,ユンケルユーログループ議長は1日、EU各国政府は、金融危機によって大手銀行を破たんさせないと述べた。また、混乱は今後数カ月にわたって影響するとの見方を示した。ラジオ放送で述べた。同議長は、金融危機問題を協議する主要国首脳会議開催に向けた4日の会合に出席する方針。同議長は米議会に金融安定化策の可決を促す一方、欧州の銀行は米銀より良い状態にあるため、米国と同様の対応策は必要ないとの考えを示した。,10
金融市場の緊張、各国と緊密な連携で安定化努める＝首相,2008/10/1,麻生太郎首相は1日、衆院本会議で、緊張が高まっている世界の金融資本市場の現状について、関係各国との緊密な連携を続け、安定化に努める意向を示した。また、道路特定財源の暫定税率については、現行水準の維持が必要とした。首相の所信表明に対する自民党の細田博之幹事長の質問に答えた。世界の金融資本市場の現状について「緊張が高まっている」との認識を示し、「日本としては引き続き米国を始めとする関係各国と緊密に連携しつつ、国際金融資本市場の安定化に努めていく」と述べた。その上で「わが国にはバブル崩壊以降、金融安定化の問題に取り組んできた経験と知識がある」と言及し、「国際会議などの機会を通じて、できる限りこれを伝えることで、世界の金融資本市場の安定化に貢献をしていく」との意向を示した。また、家計に対する緊急支援策として、今年度内に定額減税を実施する方針を示した。このほか税制については、企業の海外子会社が稼いだ利益の国内還流のための環境整備をはじめとして、「取り組むべき税制の課題は多岐にわたる」とも述べ、年末にかけて検討を進めるとした。道路特定財源の暫定税率については「環境問題への国際的な取り組み、地方の道路整備の必要性などを踏まえれば、現行の税率水準の維持は必要」との見方を示し、「一般財源化を現実のものにしていく」と述べた。その上で「今後5年の道路整備の方針を示す計画を策定する」と語った。首相は、国民生活の将来的な不安と消費税の役割に関連し、「社会保障制度を将来に渡り、持続可能で安心できるものとすることは、国民の不安を払しょくするために極めて重要であり、消費税は重要な役割を果たす」との認識を示した。年金など社会保障の財源の安定化の道筋について「今後年末に向けて政府与党において検討を進める」と述べた。（ロイター日本語ニュース吉川裕子記者、武田晃子記者）,10
米景気後退、金融安定化策でも不可避＝上院議員,2008/10/2,ベネット米上院議員（共和、ユタ州）は1日、7000億ドルの米金融安定化策で景気後退を回避することは不可能だが、より深刻な状況に陥ることを避けることはできるとの見方を示した。ベネット氏はCNBCテレビに対して、米景気低迷は不可避であり、弱い経済指標で既に明らかになっていると述べた。米金融安定化策について「問題解決にはならず、米国は景気後退に向かっていると確信している」と語った。その上で「ただ、クレジット市場の危機に対処しなければ、景気後退はより深刻で長期にわたる」と指摘した。,10
米金融業界は回復し立ち直る＝ホワイトハウス,2008/10/2,米ホワイトハウスは1日、米金融業界は現在の状況から回復し立ち直るとの見方を示した。フラット報道官は「われわれは回復することができると思う。今なお存在する偉大な才能や専門知識をもって、これまでの状況から立ち直ることができるだろう」と語った。海外投資家は米国に投資すべきかとの質問には「投資家が自分で判断すべきだ」と答えた。,10
金融安定化法案の議会通過を「確信」＝米大統領,2008/10/2,ブッシュ米大統領は1日、金融安定化法案は連邦預金保険公社（FDIC）の預金保険の保証上限引き上げにより改善されたとし、この法案が議会で承認されると「確信している」と述べた。大統領は記者団に対し「状況を安定化させ、悪化させないためにはこの法案を通すことが非常に重要だ」と語った。クレジット市場に流動性を取り戻すことが肝心だとし、議会がこの法案を「極めて真剣に」とらえる必要があるとした。,10
経済対策の効果見極めさらなる対応あり得る＝麻生首相,2008/10/2,麻生太郎首相は2日午前の参院本会議で、国際金融情勢は大きく変動しているとし、「緊急経済対策の効果を見極め、必要に応じてさらなる対応も弾力的に行っていくことがあり得る」と語った。また、世界の金融市場の緊張が高まっているとの認識を示し、「引き続き米国をはじめとする関係各国と連携し、国際金融市場の安定に努める」とともに、「国内においては、日銀と連携して金融安定に取り組む」と述べた。さらに、衆院の解散時期について「予算関連法案のほか、消費者庁設置法案、インド洋での補給支援法案など、国民生活を守るため、国際社会での責任を果たすため、課題は山積している。衆院解散という政局より、景気対策など政策実現を優先したい」と述べ、解散は一連の重要法案成立が前提との見解を示した。首相の所信表明に対する民主党と自民党の代表質問に答えた。（ロイター日本語ニュース伊藤純夫記者）,10
解散時期は遅れる、自民に有利な状況なし＝民主幹事長,2008/10/3,民主党の鳩山由紀夫幹事長は3日午後の会見で、衆院解散総選挙のタイミングについて、農薬などに汚染された事故米の不正転売や厚生年金の改ざんの問題など「自民党にとって何一つ有利な状況がない」と述べた。また「簡単に選挙ということにはならないのではないか」と10月上旬説が浮上していた解散時期が遅れるとの見方を示した。こうした点を踏まえ、6、7日に行われる衆院予算委員会では、「解散に追い込むというよりも、国民に現在の政治状況を正確に把握してもらうため、補正予算の議論も大事だが、汚染米、消された年金、隠ぺい工作（自民党の省庁に対する資料要求制限）も含めて徹底的に追求していく作業が大事だ」と述べ、与党が求める8日の委員会採決には応じない姿勢を示した。また、民主党の「次の内閣」（ネクストキャビネット）の人事に関しては「解散時期に合わせて決めたい。解散が遅れれば、現在のネクストキャビネットが次の内閣として仕事をしてほしい」と語った。,10
米金融安定化法案の効果は不透明＝西室財政審会長,2008/10/3,財政制度等審議会（財務相の諮問機関）の西室泰三会長は3日、米下院で採決される見通しの7000億ドル規模の金融安定化法案の効果は不透明との認識を示した。その上で、法案が成立しても米国を中心とする金融危機が収まらない場合には、世界的に経済が悪化する可能性があるとし、世界経済の先行きに強い懸念を表明した。財政審終了後の記者会見で語った。西室会長は、個人的な見解としながらも、米金融安定化法案について「どのような効果を発揮するのかわからない。米国会を通り、これで一段落ということにはならない可能性がありはしないかと心配している」と指摘。金融安定化法の効果が限定的になった場合には「全世界的に影響があるような経済の悪化があるかもしれないと思わざるを得ない」とし、「今の米国の政治情勢はドラスティックな対策を早急に打つだけの政治的なコンセンサスができていない気がする。大変、心配している」と付け加えた。これを踏まえた日本の対応については、現在、臨時国会に提出されている緊急経済対策に伴う2008年度補正予算案を「緊急性を持ってやらなければならず、できるだけ早く実施すべき」とした上で、「これから先の経済情勢は、どう進展するかわからない。今から、これで対策はおしまいと言い切るわけにいかない経済状況になっている」と今後の情勢次第で追加対策も必要になるとの見解を示した。,10
解散総選挙、確たる日程は決めていない＝首相,2008/10/7,麻生太郎首相は7日の衆院予算委員会で、衆院解散総選挙の時期について「確たる日にちを決めているわけではない」とし、「いただいた票は大事に使わなければならない。解散を即という状況などは十分に考えた上で決断したい」と語った。民主党の菅直人代表代行の質問に答えた。,10
米経済、今後数カ月は厳しい状況に＝CEA委員長,2008/10/8,米経済諮問委員会（CEA）のラジア委員長は7日、金融危機の米景気への全体的な影響を見極めるのは時期尚早だが「今後数カ月は厳しい状況になる」との見方を示した。同委員長は講演で「（金融危機は）大きな衝撃で簡単には収束しない」と述べた。また、7000億ドルの金融安定化策について、ブッシュ政権が詳細を今後数週間で明らかにする、と述べた。その上で、ブッシュ政権の主目的は投資資金を経済成長底上げのために使えるようにすることと語った。,10
EUは金融機関に対し協調対応すべき＝ECB,2008/10/10,欧州中央銀行（ECB）は、欧州連合（EU）諸国の金融安定に向けた対応として、国ごとではなく協調した行動を取るべきとの考えを示した。金融安定改善に関するベルギーの法案に対する法律的見解（8日付）が9日公表された。ECBはこの中で国内銀行への緊急流動性支援における中銀の完全な独立性を法律に明記すべきとした。さらに「ECBとしては、これら問題に関し、国の法律による非協調的な対応よりも欧州レベルでの共通した政策による解決を図ることが好ましいと考える。欧州レベルでの協調対応の必要性を国の法律で明示すべきと思われる」とした。,10
EU金融監督機関の設立、見解分かれる＝欧州委員長,2008/10/10,欧州連合（EU）のバローゾ欧州委員長は9日、世界的な金融危機の深化にもかかわらず、EU諸国が依然として域内全体を統括する金融監督機関設立の必要性について、見解が分かれていることを明らかにした。委員長はセミナーで「監督当局などで協調して対応する必要があるかについて依然として見解が一致していない」と指摘。域内27カ国の協調には満足していないと話した。バローゾ委員長は、欧州委員会が来週、格付け機関の規制に関する法律の草案を提出することを確認した。,10
市場の安定取り戻す、G7で公的資金注入の経験説明＝日銀総裁,2008/10/10,7カ国財務相中央銀行総裁会議（G7）出席のためワシントンを訪問している日銀の白川方明総裁は9日、会議では国際金融資本市場と世界経済の現状を踏まえ、市場の安定化のため議論したい、と現地で記者団に語った。また、日本が過去に公的資金注入で不良債権処理問題を解決した経験を説明したいとの考えを示した。白川総裁は、G7にどのように臨むかと聞かれ「緊張感が高まっている国際金融資本市場の動きや減速が明確化している世界経済を踏まえ、経済と金融についてしっかり議論していく」と述べた。また、日本の金融当局として、金融市場の状況や金融政策、考え方を説明する考えという。さらに、公的資金注入に関しては「日本が1990年代後半に公的資金を注入して不良債権処理の問題を解決した経験を、中川昭一財務金融相も私も、経験の1つとして触れることになるのかなと思う」との見通しを示した。白川総裁はワシントン入り直後に米連邦準備理事会（FRB）のバーナンキ議長と会談したが、内容については明らかにしなかった。8日の欧米を中心とした主要国中銀による協調利下げに日銀が加わらなかったことについては「日本の金融市場は安定している」との考えを示し、金融機関などを含む日本の金融システムの安定性を強調した。そのうえで日本は金利を低くして、全体的に緩和的に維持している」と説明した。ただ、欧米で高まっている金融市場の緊張が日本にも影響してくるとして、今後も金融市場が安定するために、日本がどう貢献できるかを検討中だと話した。各国の協調利下げにもかかわらず、米国の株価が引き続き大きく下げている。白川総裁は「金融市場では緊張が高まっている」との認識を示したうえで、「市場にはいろいろな動きがある。1つ1つの動きに中央銀行としてコメントするのではなく、経済と金融が安定を取り戻すためにしっかり対応していきたい」と語った。（ロイター日本語ニュース吉池威記者）,10
米財務省、金融安定化策実施に向け早急な行動を＝オバマ氏,2008/10/10,米大統領選の民主党候補であるオバマ上院議員は9日、この日の米国株式市場で主要指数が大幅下落したことを受け、米財務省に対して金融安定化策の実施に向けた早急な行動を促す声明を発表した。オバマ候補は声明で「多くの米国民はきょう、投資や退職後のために苦労して貯めた貯蓄をさらに失った。こうした状況の中、議会を通過した金融安定化法案の実施に向けて、財務省ができるだけ早急に行動し、信用危機の緩和を図ることが不可欠だ」と表明した。また、市場の混乱は「非常に深刻な課題だ」とした上で、「今は不安やパニックに陥るときではない」との見方を示した。,10
金融危機への包括的な対応が必要＝G24,2008/10/11,新興国や途上国で構成する24カ国グループ（G24）は10日、世界市場のひっ迫に対処し信頼を回復するために包括的な対応が必要との見解を示した。G24は声明で「金融ひっ迫が続けば、世界の成長を圧迫する」と指摘。途上国は現在のところ持ちこたえているが、金融ひっ迫の波及を懸念しているとした。,10
現在の状況には迅速で例外的な行動が必要＝G7声明,2008/10/11,ワシントンで開催の7カ国財務相中央銀行総裁会議（G7）は10日会議終了後に共同声明を発表し、現在の状況には迅速で例外的な行動が必要との見解で一致した。また、混乱した市場を安定化させ、信用の流れを回復させるため、引き続き協調していく方針を明らかにした。ただ、具体的な措置には言及しなかった。声明は、システミックに重要な金融機関の破たんを阻止するため、断固たる行動をとりあらゆる手段を活用する方針を示した。,10
G7は経済金融が悪化していると共通認識＝中川財務相,2008/10/11,中川昭一財務相兼金融担当相は10日、ワシントンで開催された7カ国財務相中央銀行総裁会議（G7）後の記者会見で、G7の会議では全体に経済金融が悪化しているという認識を各国が共有したうえで、日本の経験から公的資金注入の必要性を各国に伝えたことを明らかにした。これに先立って、米ポールソン財務長官は、米金融機関に対して公的資金を注入する計画を明らかにしていた。これに関連して、中川財務金融相は、「他国からも（公的資金への資本注入に関する）発言があり、前進したと認識している」と語った。,10
米財務長官の公的資金注入計画を歓迎＝オバマ候補,2008/10/11,米民主党のオバマ大統領候補は10日、米財務長官が、市場の混乱収束のため必要なら金融機関の株式を購入する計画を表明したことについて、歓迎する意向を示した。オバマ氏は「現在の金融危機には多くの要因がある。われわれが現在手にしているあらゆる手段を用いることが極めて重要だ」とし、「金融安定化法に基づき与えられた権限を利用して、金融機関に資本を注入し、企業や民間への融資に資金が回るようにするポールソン財務長官の提案を支持するのはそうした理由からだ」と述べた。,10
金融危機解決には各国の協調が必要、迅速な行動を＝米大統領,2008/10/12,米国のブッシュ大統領は11日、金融危機に対しては世界各国の協調による対応が必要で、主要国は危機解決に向けできる限り迅速な協調行動をとる、との考えを示した。主要7カ国財務相らとの会合後、記者団に語った。ブッシュ大統領は「われわれは全員がこれは深刻な世界的危機であることを認識しており、世界的で真剣な対応が必要だ」とした上で、「世界の主要国はわれわれが直面している困難を乗り越えることができると確信している」と述べた。さらに、危機解決には世界的な協調行動が必要だと指摘、米国は危機に対処するためあらゆる手段を用いていく、との考えを示した。ただ、信用収縮を解消するには時間がかかるだろう、との認識も示した。,10
G7で、日本は資金面での貢献の意思表明＝中川担当相,2008/10/12,10日に米ワシントンで開かれた7カ国財務相中央銀行総裁会議（G7）で、中川昭一財務金融相は、焦点の公的資金注入に関する議論が前進したとの見解を示した。また、同相は、日本が資金提供などで貢献したい考えも表明した。現地で開いた記者会見で述べた。G7は、各国財務相中央銀行総裁の間で、世界経済や金融市場が悪化しているとの認識を共有し、従来の声明に代わる行動計画をとりまとめて閉幕した。中川財務金融担当相は、会議では全体に経済金融が悪化しているという認識を各国が共有したうえで、日本の経験から公的資金注入の必要性を各国に伝えたことを明らかにした。公的資金注入に関しては他国からも発言があったといい、前進したとの認識を示した。同相はG7に先立ちポールソン米財務長官と会談した。その場では、世界の金融経済が緊張しているとの認識で一致したという。また、公的資金注入の日本での事例を説明したところ、日本の経験は、米国側に受け入れられたという。G7の結果が市場にどのように受けとめられるかと聞かれ、同相は「われわれが発信したことをマーケットがどう受け止めるかだ。反応を狙ったというよりも厳しい状況を打開するため最善を尽くしたということが伝わればいい」と語った。一方、共同で会見に臨んだ日銀の白川方明総裁は、行動計画のなかに盛り込まれた「必要かつ適切な場合には、マクロ経済政策上の手段を活用する」との文言について、「財政政策や金融政策は、必要かつ適切な場合に行われる」との見解を示すにとどめた。このほか為替に関しては、「過度な変動や無秩序な動きは悪影響との見方で一致した（中川財務金融担当相）」ものの、このところ大きな変動がみられるドル／円に関しては、G7や日米財務相会談でも出なかったという。,10
米大統領が7カ国財務相と会談、協調を要請＝中川担当相,2008/10/12,ブッシュ米大統領は11日朝（日本時間同日夜）、中川昭一財務兼金融相らG7に出席した先進7カ国の財務相をワシントンのホワイトハウスに招き、金融危機対策をめぐり意見交換した。同時に、各国の財務相に足並みをそろえて対応するよう要請した。ブッシュ大統領との会談後、中川財務金融相が記者団に語った。中川財務金融相によると、ブッシュ大統領は、金融危機に関して各国と協調して早期に解決することが望ましいとしたうえで「自分は残りの任期があと4カ月だが、できるだけのことはやる」との考えを示した。中川財務金融相はこれに対し「現在や未来の協調も大事だが、過去における経験の共有という意味の協調も大事だ」と述べ、ブッシュ大統領も同意したという。,10
米政府の金融危機対策、市場機能回復に寄与＝FRB議長,2008/10/14,米連邦準備理事会（FRB）のバーナンキ議長は、ウォールストリートジャーナル紙（電子版）に寄稿し、米政府が14日発表する金融危機対策は市場の正常化に寄与するとの認識を示した。対策の詳細には触れなかった。議長は「こうした対策により、より正常な市場機能の回復が可能になり、民間資本を促し金融市場の再活性化をさらに支えることができる」と述べた。関係筋によると、14日発表の対策は国内銀行に2500億ドルの資金を注入することが柱。,10
米経済は軟調、回復には時間要する＝米大統領報道官,2008/10/16,フラット米大統領報道官は15日、最近の米経済指標と信用収縮を踏まえ、米経済は軟調で回復には時間がかかるとの認識を示した。報道官は大統領専用機「エアフォースワン」で記者団に対し「成長が軟調となる時期に入っている」と指摘。「最近の小売売上高だけでなく、ここ数カ月の雇用統計や他の経済指標、クレジット問題に端を発する深刻なショックを踏まえれば、米経済が現在軟調な状況にあり、回復に時間を要することに疑いはない」と述べた。,10
米国の状況は「非常に深刻」＝米FRB副議長,2008/10/16,米連邦準備理事会（FRB）のコーン副議長は15日、米国は前例がないといえるほどの金融危機にあるものの、いま、断固とした行動を取ることで、より大きい痛みでさえ防ぐことができるとの見解を示した。同副議長は、クレジット市場のひっ迫が和らぐ最初の兆候としては、銀行間貸出金利のスプレッドの縮小が見られるだろうと指摘した。また、米金融機関に2500億ドルの資本注入を行う計画の実効性については、期待を持っているとした。副議長は「すべての病を治すものではないが、そうした方向への非常に重要なステップだ」と述べ、「米国の状況は非常に深刻だ」と加えた。,10
ユーロ圏の景気見通し、急速に悪化＝ベルギー中銀総裁,2008/10/16,欧州中央銀行（ECB）理事会メンバーであるクアデンベルギー中銀総裁は16日、金融市場の混乱が深まったことを受けてユーロ圏のインフレ圧力が弱まり、景気見通しは悪化したとの認識を示した。総裁はベルギー中銀でのスピーチで「経済活動に関する見通しは過去2カ月で急速に悪化し、物価上昇圧力は緩和した」と述べ、ECBは「必要となればいつでも確固とした行動をとる」と付け加えた。また「金融危機が一段と強まるにともない、民間の非金融セクターを取り巻く状況が金融政策の影響を受けずにひっ迫し、金融機関からの信用供与が縮小している可能性がある」と指摘。ECBが前週、各国中銀との協調で50ベーシスポイントの利下げを行ったことについては、利下げの幅は適切だったとし、ECBは依然として、銀行間貸し出しへの支援と金融政策決定は分けて考えていると述べた。ECBは過去数週間で貸し出しと受け入れ担保のルールを改めており、金融機関は固定金利で必要なだけユーロおよびドル資金の供給を受けることが可能になったほか、受け入れ担保の拡大によって入札への参加が容易になった。,10
内外金融経済悪化は下げ止まる方向、先は緩やかな回復＝日銀総裁,2009/05/25,日銀の白川方明総裁は25日、金沢市で講演し、内外の金融経済悪化は下げ止まる方向にあり、さらにその先には緩やかな回復が展望される、と述べた。また、株価が大きく下落した場合には、銀行の貸し出し姿勢の厳格化につながるリスクにも留意していく必要があると語った。同総裁は、今後について、悪化のテンポが徐々に和らぎ、次第に下げ止まっていく可能性が高いとの見方を示した。ただ、金融環境は緊張感が後退しているものの、なお厳しい状態が続くとみている。国内経済の動向は、09年度後半以降の緩やかな持ち直しを想定しているという。,10
内外金融経済悪化は下げ止まりの方向、先は緩やかな回復へ＝日銀総裁,2009/05/25,日銀の白川方明総裁は25日、金沢市で講演し、内外の金融経済情勢の急速な悪化は徐々に下げ止まる方向にあり、さらにその先には緩やかな回復が展望されるとの見通しを示した。また、株価が大きく下落した場合には、銀行の資本制約が強く意識され、貸出姿勢の厳格化につながるリスクにも留意していく必要があると語った。日本経済の今後について同総裁は「悪化のテンポは徐々に和らぎ、次第に下げ止まっていく可能性が高い」との判断を示した。さらに、その先の中心的シナリオとしては「世界経済の緩やかな回復を前提にすれば、わが国経済も、金融システム面での対策や財政金融政策の効果もあって、今年度後半以降、緩やかに持ち直していく姿が展望できる」と予想した。企業金融の環境については「ひところに比べて緊張感が後退している」としたものの「業績悪化を背景に、資金繰りや金融機関の貸出姿勢が厳しいとする先は依然として多く、全体としては厳しい状態が続いている」と述べた。こうした点を踏まえ同総裁は、「当面、景気物価の下振れリスクを意識しつつ、わが国経済が物価安定のもとで持続的な成長経路に復帰していくため、中央銀行として最大限の貢献を行っていく」との決意を示した。（ロイター日本語ニュース児玉成夫記者）,10
北朝鮮核実験、「あらゆる国に重大な懸念」＝米大統領,2009/05/25,オバマ米大統領は25日、北朝鮮の核ミサイル実験は「あらゆる国にとって重大な懸念要因」と述べ、国際社会の対応は正当であるとする姿勢を示した。大統領は声明で「北朝鮮による国際社会への直接的な挑発行為だ。北朝鮮の行為は北東アジアにおいて緊張を高め、安定を損ねるものだ」と述べた。,10
北朝鮮の核実験、爆発規模は約20キロトン─ロシア軍＝報道,2009/05/25,ロシア軍当局は、北朝鮮が実施したとされる核実験の爆発規模が約20キロトンだったとみている。イタルタス通信が25日、国防省関係筋の話として伝えた。1キロトンは、トリニトロトルエン（TNT）火薬換算で1000トンに相当する。またイタルタス通信は、ロシア外省筋が北朝鮮の行動に対し冷静な対応を求めるとともに、過剰に反応しないよう警告した、と報じた。,10
北朝鮮への安保理制裁、中国は反対の可能性＝軍事アナリスト,2009/05/25,中国軍備管理軍縮協会のアナリスト、朱光亜氏は25日、北朝鮮の核実験を受けて予想される国連安全保障理事会の新しい制裁決議について、最大の支援国である中国は賛成しないとの見方を示した。安保理常任理事国である中国は、制裁決議への拒否権を発動できる。北朝鮮にとっては経済と外交の両面で不可欠な存在の中国だが、2006年に北朝鮮が行った1回目の核実験では、メンツをつぶされた形となり、北朝鮮を強く非難した。核問題専門家の朱氏によると、中国が議長国を務める6カ国協議が完全に崩壊する可能性があるため、同国の指導者らは今回、北朝鮮への憤りをあからさまにすることに、より注意を払うとみられる。朱氏は「中国のゴールは、6カ国協議のプロセスを分解させないことだ。より厳しい制裁によって、その目標は実現できなくなる」とコメント。さらに、「米国との妥協は必要になるかもしれないが、厳しい制裁には賛同しないだろう」との見方を示した。一方、上海復旦大学の北朝鮮問題専門家、蔡建氏は今回の実験を受けて「われわれは、北朝鮮の核兵器プログラムは単なる交渉道具という考えに慣れてきた。しかし、彼らの究極の目的は核兵器の保有にほかならないことがはっきりしてきた」と話している。,10
世界経済は依然「非常に困難で予測不可能」＝ECB総裁,2009/05/29,欧州中央銀行（ECB）のトリシェ総裁は29日、世界経済の環境は依然として「非常に困難で予測不能」だとして、各国政府の優先課題はすでに決めている危機対策を迅速に実行することだ、と指摘した。マラケシュで開かれている金融関連の会合で語った。  新興国市場については、特にアジアにおける最新のデータは「やや心強い」が、新興国経済が底を打ったかどうかを判断するのは時期尚早だ、との考えを示した。また、ECBが計画しているカバードボンドの買い入れプログラムの規模は約600億ユーロになる、と明らかにした。,10
米GM、政府が過半数株式取得しなければ破産に─米大統領＝NBC,2009/06/1,オバマ米大統領は、米自動車メーカー、ゼネラルモーターズ（GM）(GM.N)について、政府が過半数株式を取得しなければ、残された選択肢は清算や破産しかないと指摘した。GMへの政府の出資比率については、72％を下回るとの見通しを示した。29日に収録され、30日に放映されたNBCニュースとのインタビューで、オバマ大統領は「わたしとしては、政府がまったく関与しないことが希望だった」としたうえで「しかし、そうなるとわが国経済にとって非常に重要な大企業が清算、破産ということになる」と述べた。,10
景気は1―3月に底打ち、年末から来春にかけて回復＝財務相,2009/06/2,与謝野馨財務金融経済財政担当相は2日、閣議後の会見で、景気が1―3月に底を打ち、年末から来春にかけ元に戻るとの認識を示した。4―6月以降は上昇カーブを描くと話した。与謝野財務相は、1日に発表された1─3月期のGDPギャップが過去最悪のマイナス8.5％に落ち込んだことについて「大変な状況にあることを示す数字」としながらも、1─3月期が「多分、底打ちの時期」との見解を示した。足元の生産の急回復などを踏まえ、「生産は明らかに各分野で回復し始めたが、通常に戻るのは来年の春までかかるのではないか」と指摘。ただ、4─6月以降の景気は「上向きのカーブで行き、いつか元通りになる。それは年末から来年の春にかけてと思う」と語った。米自動車大手のゼネラルモーターズ（GM）が一時国有化されることに触れ、「米の代表的な企業として1日も早い立ち直りを期待している」と発言。日本の部品メーカーへの影響は、経済産業相から3週間ほど前、「売掛金債権はあるが会社の規模に比べて大きいものではない。損害を被るけれども、なんとか各社でしのげる額」との回答を得たと説明し、「日本のメーカーに対する影響はあるが、わずかで済んでいるというのが現状だと思っている」と述べた。GMの破たん処理は「悪材料が出尽くしたとの考えもあるだろうし、破たん処理の中で下請け関連の整理や雇用情勢への影響などマイナス面もある」と指摘し、米個人消費に対して「当然、影響は出るだろうと思う」とした。ただ、「未解決の問題を、苦しい解決方法だが解決し得たというのは、経済にとっては非常にいい決断をしたと思っている」と高く評価した。足元で1万円に近づく高値で推移している平均株価について、金融セクターへの影響は「日本の銀行の自己資本には株も入っている。自己資本比率にはいい影響を与えている」と、財務基盤の強化につながるとの見方を示した。ただ「これが（企業への融資など）金融仲介機能に結びつくのかどうか、きちんとみていかないと。株が上がったら銀行が気前よく貸してくれるなんていう世界は、多分あり得ないと思う」と、今後も注視していく考えを述べた。（ロイターニュース平田紀之伊藤純夫）,10
米不良資産買い取り計画、金融機関の関心低下も＝財務長官,2009/06/2,ガイトナー米財務長官は2日、国内金融機関から不良資産を買い取るプログラムについて、市場心理の改善で金融機関の関心が低下する可能性があるとの認識を示した。訪問先の北京でCNBCに述べた。同長官は、金融機関が民間から予想以上の資本を調達しているため、市場で売却可能な不良資産が増える可能性があるとの認識を示した。ただ、今後も連邦準備理事会（FRB）や連邦預金保険公社（FDIC）と共同で、保険として不良資産買い取り計画を進めていく意向を示した。,10
世界にはより多くの準備通貨が必要＝ロシア大統領,2009/06/3,ロシアのメドベージェフ大統領は、米経済危機によってドルに対する世界の見方が変化したため、国際社会にはより幅広い準備通貨が必要との認識を明らかにした。米CNBCとのインタビューの原稿をロシア政府が2日に公表した。ロシアは、経済危機によって1944年のブレトンウッズ協定に基づく通貨システムの欠陥が浮き彫りになったとし、国際体制の見直しを求めている。大統領は「米経済危機によって、ドルに対する認識は当然変化した」との見方を示し、「世界にはより多くの準備通貨が必要だ」と指摘。「近い将来、より多くの準備通貨を創設することが課題になる」と述べた。また、世界最大の外貨準備を持つ中国が、国際通貨基金（IMF）の特別引き出し権（SDR）を新たな超国家通貨のベースにするというロシアの提案を支持していると語った。,10
中国との貿易拡大で米国の雇用創造も＝米USTR代表,2009/06/3,ロンカーク米通商代表部（USTR）代表は2日、中国との貿易拡大が米国の雇用創造につながる可能性があるとの認識を示すとともに、オバマ政権は中国との貿易摩擦の緩和を望んでいると述べた。カーク代表は、米中ビジネス評議会への講演原稿の中で、中国との貿易不均衡を縮小し、通商上の弊害を取り除く努力を図れば、米国に「雇用創造のすばらしい機会をもたらす」と指摘。その上で「通商外交を展開する必要があれば実行する。世界貿易機関（WTO）に提訴する必要があれば、提訴する。適切ならば、米国はWTOのルールに基づき、反ダンピング（不当廉売）などの是正措置を徹底的に、かつ公平に講じていく」として、中国に対する通商上の制裁措置も辞さない構えを示した。また代表は、今秋には米中合同商業貿易委員会（JCCT）の会合を開催する予定で、USTR高官が近く中国入りし、会合の準備にあたることになっていると指摘。「経済に対する米中のアプローチの違いから生じている通商上の根本的懸念の解消に向けて、意義ある進歩を遂げなければならない」と述べた。,10
ドルが準備通貨の地位失うリスクは想定せず＝米FRB議長,2009/06/4,米連邦準備理事会（FRB）のバーナンキ議長は3日、ドルが準備通貨の地位を失う短期的リスクは想定していないとし、力強い米経済を確保することが強いドルを維持する最善の方法との見解を示した。議長は下院予算委員会での証言で「予見し得る将来においてドルの準備通貨としての地位に対するいかなるリスクも想定していない」と述べた。世界各国が保有するドル準備の比率は最近小幅ながら拡大したと指摘すると同時に、ドルの価値に甘んじる理由はないと警鐘を鳴らした。「われわれには米経済が適切に推移することを確実にする責務がある。経済を高生産性と良好な貯蓄を伴う成長軌道に乗せることが、強いドルを維持する最善の方法と考えている」とし、「そのために景気を好転させ、金融危機を解決し、経済を再び拡大させることが重要と考えている」と述べた。,10
米FRB議長が金利上昇は財政赤字が一因と警告,2009/06/4,バーナンキ米連邦準備理事会（FRB）議長は3日、下院予算委員会で証言し、国内経済について慎重ながら上向きの見解を示した上で、長期的な健全性確保には政府債務の管理が不可欠だと警告した。証言は、米景気後退の年内の収束を1カ月前よりも確信していることがうかがえる内容だった。議長は、デフレリスクは後退したと述べた。米国は経済危機が過ぎ去り次第、財政の均衡回復に努めると外国の投資家に確約し、また、金融市場の安定化を狙ったとみられるメッセージを発した議長は、財政赤字の増大は著しい長期的脅威となっているとの認識を示した。「金融市場の信頼を維持するには、国家として財政均衡回復に向けた計画を今から策定し始める必要がある。長期的な財政の持続性を強力に確約しなければ、金融安定および健全な経済成長のいずれも実現しないだろう」と述べた。政府の債務増加が長期金利上昇につながっているとの認識を示したが、市場の注目が集まっていた、FRBによる国債もしくはモーゲージ担保証券（MBS）の購入拡大については明言しなかった。金融市場は議長の証言におおむね反応薄だった。バーナンキ議長は、経済状況については比較的前向きな見通しを示したが、景気回復が始まった後も成長率は長期的な潜在成長率を下回る水準に当面とどまる可能性が高いとの認識を示した。「われわれは現在、金融システムと経済双方の遅く緩やかな修復の過程にある。極めて深刻な災難は回避したと思う」と語った。,10
証券会社などのインサイダー問題、預金者や投資家の不信を増幅＝財務相,2009/06/5,与謝野馨財務金融経済財政担当相は5日、閣議後の会見で、証券会社でインサイダー取引問題が相次いでいることについて、預金者投資家の不信を増幅させるとの認識を示した。FX取引における証拠金倍率規制については、追い証の発生率をなるべく低くなるようにした方が投資家のためとの認識を示した。与謝野財務相は「特別な立場を利用して株を買うのは法律で禁じられている。そういうルールをよく知っているはずの証券会社、銀行でそういうことが起こるのはもっとも望ましくない」との認識を示し、こうしたことが「預金者投資家の不信を増幅させる。監視委のきちんとした調査を待ちたい」と述べた。金融機関によるインサイダー取引では、あおぞら銀行(8304.T)の行員がインサイダー取引をした疑いが強まったとして、証券取引等監視委員会が強制調査に着手したことが4日、明らかになった。このほか監視委は、野村証券の社員からの情報を基にインサイダー取引をした会計士に対し、課徴金の納付命令を出すよう金融庁に勧告していた。外国為替証拠金（FX）取引で預けた証拠金の何倍まで取引できるかを示す「証拠金倍率」の上限を25倍までにするなどとした規制導入の目的について「追い証の発生率などをなるべく低く取っておいた方が投資家のため。業者のためにやっているわけではない」と述べた。FX取引では、数百倍という高レバレッジの証拠金倍率を提供している業者などがある。与謝野財務相は、証拠金倍率が数百倍になれば常に追い証が発生するほか、少ない証拠金で取引に参加する一般投資家が大きな為替取引をしていると自覚していない場合があると指摘。多くの参加者による取引を通じて為替水準の平準化をもたらす必要があるとの認識だが「賭博的に流れないためには証拠金倍率は為替変動幅に相関したものでないといけない」とした。（ロイターニュース平田紀之）,10
イランと「真剣な対話」行う用意＝オバマ米大統領,2009/06/5,オバマ米大統領は5日、訪問先のドイツで会見し、イランと「真剣な対話」を行う用意があり、今こそ中東和平に向けて行動すべきだとの認識を示した。大統領はメルケル独首相との共同会見で「中東の核軍備競争は避けなければならない」と述べた。,10
中ロ、自国通貨での二国間貿易決済を検討すべき＝ロ大統領,2009/06/5,ロシアのメドベージェフ大統領は、ロシアと中国の二国間貿易について、決済をドルではなく自国通貨で行うことを両国は検討すべきとの見解を明らかにした。5日付のロシアのコメルサント紙が報じた。実現するためには二国間で通貨スワップ協定を結ぶ必要がある。中ロ二国間の貿易量は2008年に約500億ドルとなり増加する傾向にある。中国はすでにブラジルおよびベラルーシとの間で同様の枠組みを有している。メドベージェフ大統領は同紙とのインタビューで、「われわれはこのような立場について検討が可能だと考えている。例えばルーブルと人民元（による決済）だ」と語った。同大統領は貿易相手国との二国間スワップ協定について、経済危機で多くの国が国際資本市場で資金調達が困難になった場合に影響を緩和できるとの認識を示した。,10
引き締めまで時間かけ過ぎるべきでない＝アトランタ連銀総裁,2009/06/6,米アトランタ地区連銀のロックハート総裁は、連邦準備理事会（FRB）が金融政策を引き締めを「見越し」、引き締めに転じるまでに時間をかけ過ぎるべきではないとの見解を明らかにした。マーケットニュースインターナショナル（MNI）がインタビューを伝えた。総裁は「まだそこには至っていない」とも述べた。インフレをめぐる市場での懸念が高まる中、FRBが拡張的金融政策を維持しながら、フェデラルファンド（FF）金利の誘導目標をいずれ引き上げていくことを想定できると指摘した。また、米長期債の利回り上昇に対処するため、FRBが長期債の追加買い取りを実施する可能性があるとしたほか、期間が短めの資産の減少に伴い、FRBはバランスシートを維持する必要がある、と語った。,10
英経済の景気後退はひとまず終息、近くプラス成長へ＝FT調査,2009/06/8,8日付英フィナンシャルタイムズ（FT）紙に掲載された調査によると、半分以上のエコノミストが、英国のリセッション（景気後退）はひとまず終息したとみていることが明らかになった。20人のエコノミストを対象に実施された調査では、11人が英経済の収縮は6月に歯止めがかかり、今後はプラス成長に向かう可能性があるとの見方を示した。また、マイナス成長が続いていると回答したエコノミストも、経済の底入れは近いとの見方を示した。FTは、今回の調査結果を受けて、英経済が第4四半期までに上向き始めるという政府予想は悲観的過ぎる可能性もあり、より早い時期に回復に向かう公算もある、と指摘している。ダーリング英財務相は4月、議会に提出した予算案で、2009年末までに英経済は回復に向かい、10年には1.25％のプラス成長に戻るとの見通しを示していた。FTによると、モルガンスタンレーのエコノミスト、メラニーベーカー氏は「われわれの基本予想は、第2四半期に（若干の）プラス成長になるというものだ」と指摘。またJPモルガンのエコノミスト、マルコムバー氏は「第3四半期に突入するに伴い、若干のプラス成長に転換する」との見方を示した。,10
北朝鮮の米国人記者有罪判決を「深く懸念」＝米大統領,2009/06/8,オバマ米大統領は、北朝鮮当局が2人の米国人記者を12年間の重労働の刑としたとの報道を「深く懸念」している。ホワイトハウスのバートン報道官が、声明で発表した。声明は記者解放に向け「あらゆる手段を尽くしている」としている。,10
景気対策を一部前倒しへ、60万人の雇用守る＝オバマ米大統領,2009/06/9,オバマ米大統領は8日、向こう100日間で、景気対策法に基づく主要10プロジェクトの計画を前倒しで実施することにより、60万人の雇用を創出もしくは保護する方針を発表した。大統領は「回復への道のりは長いが、正しい方向にある。気を緩めることも、休むこともしない。着々と経済を好転させていく」と語った。前倒しされるプロジェクトは、200カ所での水道廃棄処理システムの整備や12万5000人分の若者向け夏期雇用創出、98の空港1500カ所超の高速道路107の米国立公園での建設メンテナンスなど。そのほか、米国内の患者約30万人への医療サービス拡大や13万5000人の教育関連の雇用支援なども含まれる。ホワイトハウスは、7870億ドルの景気対策法署名後100日間で15万人の雇用が創出もしくは保護されたとしている。政府はこれまでにさまざまな刺激策計画に1350億ドル超の拠出を決定しているが、実際に支出された額は約440億ドルにとどまっている。,10
最悪期脱しつつあるようにみえるが、なお大きな金融危機の渦中に＝日銀総裁,2009/06/9,日銀の白川方明総裁は9日、京都市内で開かれた「International Monetary Conference」で講演し、足もとの状況について「最悪期は脱しつつあるようにみえるが、なお過去に例をみない大きな金融危機の渦中にある」と慎重な見方を示した。その上で、資産バブルと金融政策について触れ、「金融政策だけでは、金融経済活動におけるさまざまな過剰の積み上がりを抑えることはできないので、他のさまざまな政策との組み合わせが必要になる」と指摘。ただ「金融政策運営が不適切であれば、バブルはさらに膨張し、ついには破裂して経済を急激に縮小させることになってしまう」とも付け加え、バブルを加速させないための金融政策の重要性も強調した。日銀が同日、ホームページに講演の邦訳を公表した。白川総裁は「新たな金融環境の下での中央銀行の役割」と題した講演で、バブルと金融政策について「どの中央銀行も、金融政策だけでバブルを防止できるとか、防止すべきであるとは考えていない」と説明。中央銀行にとってより現実的な問題設定として「資産価格の上昇、信用量とレバレッジの拡大、経済活動の過熱といった、金融引締めの必要性を示唆するような明らかな現象がみられる一方で、一般物価だけは安定しているという情勢に直面したとき、金融政策をどのように運営すべきか」との論点を挙げた。白川総裁は、そのような「強気のマインドが支配的な状況の下」では「金利を多少上げたとしても、短期的には、バブル的な経済活動の鎮静化に大きな効果はないかもしれない」と金融政策の限界をにじませたが、一方で「そうかと言って中央銀行が極めて緩和的な金融政策運営を継続すると、信用量やレバレッジの膨張を一段と加速することになる」とも指摘。こうした難しさも踏まえ「金融政策とバブルの関係を議論する際には、極端な楽観主義にたつことも、過度の悲観主義に陥ることも適当ではない」と強調した。白川総裁はまた、中央銀行がプルーデンス規制の再設計に向けて現在進められている検討に貢献することも必要との認識を示し、その設計にあたっては「経済環境が良好なときには、銀行が資本のバッファーを積み増し、経済が悪化したときには、バッファーとして積み増したその資本を金融仲介機能の維持のために使用できるような仕組みを設けることが大事だ」と語った。（ロイターニュース志田義寧記者）,10
新たなシステミックリスク規制、概要を数週間以内に公表＝米財務長官,2009/06/10,ガイトナー米財務長官は9日、深刻な景気後退の一因となった過度のリスクテイクの再発を防ぐため、規制改革に早急に取り組む方針を明らかにした。長官は上院歳出委員会の小委員会で証言し「向こう数週間以内に包括的な改革案の概要を明らかにする。大手企業や相互に関連する企業、市場が過度のリスクを抱え、その（管理の）失敗が金融システム全体を不安定化させることを防ぐためのシステミックリスク規制が含まれている」と述べた。さらに「この改革案では消費者および投資家の保護強化を求める。同案がわれわれの時代遅れの規制構造を効率化することで、米国の規制システムは現在の金融システムの規模や形状、スピードに釣り合うようになる」と説明した。,10
米、重要課題に取り組みつつ財政赤字を抑制する必要＝オバマ大統領,2009/06/10,オバマ米大統領は9日、医療保険制度の見直しをはじめとする最優先の案件に取り組みながら、多額の財政赤字抑制の必要性に留意していくことを表明した。大統領は講演用原稿で、米国が取り組むべき長期的な課題として医療保険やエネルギー政策、教育が挙げられると指摘。「しかし、財政的な責任を担いながらこれらの課題や他の問題に取り組むことで、赤字を抑制していくことが求められている」と述べた。,10
週末のG8会合、危機緩和への取り組みを「吟味」へ＝米財務長官,2009/06/10,ガイトナー米財務長官は9日、週末の8カ国（G8）財務相会合について、景気刺激や金融システム安定に向けた取り組みを吟味することが主要な目的になる、との見通しを示した。経済危機が緩和する兆候も見られる一方で、回復を確実にするための取り組みが「政策のあらゆる場において依然、重要な関心事になっている」と述べた。,10
システミックリスク防止に新たな規制改革案を公表へ＝米財務長官,2009/06/10,ガイトナー米財務長官は9日、深刻な景気後退の一因となった過度のリスクテイクの再発を防ぐため、早急に規制改革に取り組む方針を明らかにした。長官は上院歳出委員会の小委員会で証言し「向こう数週間以内に包括的な改革案の概要を明らかにする。それには、大手企業や相互に関連する企業、市場が過度のリスクを抱え、その（管理の）失敗が金融システム全体を不安定化させることを防ぐためのシステミックリスク規制が含まれる」と述べた。さらに「この改革案では消費者および投資家の保護強化を求める。同案がわれわれの時代遅れの規制構造を効率化することで、米国の規制システムは現在の金融システムの規模や形状、スピードに見合ったものになる」と説明した。ガイトナー長官は、オバマ政権は計画の一環として、金融システム全体の健全性を監督するため、現在の規制構造におけるさまざまな部門を統合した新たな組織を設立する考えを表明し、「これらの改革は、今回ほどの規模の危機の再来を防ぎ、将来同じような危機が起きた場合に対処するツールを政府に与えることになる」と述べた。さらに、好ましくない政治的な介入が行われれば、銀行の不良資産を処理してバランスシートを改善するプランへの投資家の参加意欲を損なうことになる、と警告した。,10
ロシア、外貨準備の米国債比率を引き下げる方針＝中銀第1副総裁,2009/06/11,ロシア中銀のウリュカエフ中銀第1副総裁は、外貨準備高に占める米国債の比率を引き下げる方針を明らかにした。ただ、それは段階的に実施し、保有する米国債が満期を迎えたときに行うだけだ、と述べた。さらに、第1副総裁は、国際通貨基金（IMF）が発行した債券を購入する考えを示すとともに、外貨準備に占める海外銀行預金の比率も引き上げる方針を示した。ロシアはこれまでに、IMFが資金調達の一環として発行する債券を約100億ドル購入すると発表している。この発言を受け、ドルが全般的に下落、米債利回りは上昇した。ロシアの外貨準備4042億ドルに占める米国債の割合は約30％。ロシアは昨年、金融危機を受けて米連邦住宅抵当金庫（ファニーメイ）や連邦住宅貸付抵当公社（フレディマック）など、リスクのある資産を売却していた。第1副総裁は、ロシアは危機のピーク時に流動性のある米国債への投資を高めたが、それを取り崩し、民間金融機関の預金への投資を高める準備が整っているとして、「（米国債の）比率は低下する。これは、銀行の状況がより明確化してきているからだ。銀行預金やレポの比率を引き上げる」と述べた。ただ、ロシアはただちに保有している米国債を売却することはせず、保有債券の満期が到来するのを待ち、徐々に他の資産に入れ替えていく、と述べた。また、中国の人民元建て資産の購入も検討する可能性があるが、実際に外貨準備に組入れるのは中国が資本取引を自由化し、人民元の交換性が確立されてからになる、と述べた。,10
新たな危機の発生は許されず＝ECB総裁,2009/06/13,欧州中央銀行（ECB）のトリシェ総裁は12日、世界の金融システム強化に失敗して新たな危機を招くことは許しがたい、との見解を示した。ブルガリア中銀の記念式典に出席した総裁は、金融政策担当者は現在の困難かつ予測しがたい時期から教訓を学ぶ必要がある、と語った。「世界金融システムの回復力と世界の実体経済の健全性を大幅に強化することがわれわれの責務だ」と指摘。「数年後に、現在の危機に類似した新たな危機が発生することを許してはならない。それは許しがたいことだ」と述べた。各国政府が銀行や金融機関の支援に向けた政策を迅速に導入するよう要請した。また、ユーロ圏経済や金利に関しては、前週のコメントに付け加えることはない、と述べた。ECBは政策対応において長期的なリスクを取っていないとし、物価安定が引き続きが最優先目標とした。総裁は「調査や指標いずれを基にしてもユーロ圏の長期インフレ期待はしっかりと抑制されてきており、今後もわれわれの物価安定の定義と一致した水準に抑制される」と語った。,10
イラン大統領選の結果に「疑問ある」＝米副大統領,2009/06/15,バイデン米副大統領は14日、現職のアハマディネジャド氏が圧勝したイラン大統領選について、「疑問がある」とし、選挙結果を詳しく調査していると明かした。NBCテレビの番組に出演したバイデン副大統領は「（選挙結果に）疑問はあるが、選挙全体について詳しく調査を行い、その結果、イランがどう動くのか分かるまでコメントを控えたい」と述べた。また、アハマディネジャド氏が63％の得票率を記録したことについて、「今のところ、その発表を受け入れなければいけないが、選挙の実施方法については極めて多くの疑問がある」とコメント。一方で、「はっきりした判断をできるだけの事実はない」とも話した。,10
経済回復には時間要する＝米財務長官,2009/06/15,ガイトナー米財務長官は15日、金融システムは回復を始めているもののの、経済回復は通常よりも緩やかとなる公算が大きい、との見解を示した。長官は「回復は通常みられるより緩やかなものとなるだろう」と指摘。「企業消費者にとり引き続き非常に困難な時期となる」と述べた。また、成長が回復しても、失業は上昇を続ける公算が大きいとの見通しを示した。,10
米大統領、航空機爆破未遂事件で「組織的失敗」認める,2009/12/30,オバマ米大統領は29日、クリスマスに起きた米航空機爆破未遂事件について、「組織的な失敗」があったとの認識を示した。大統領は記者団に「米政府は今回の事件の容疑者について情報を得ていたが、この情報を適切に共有し、この情報に基づいて適切に行動しなかったため、この容疑者は約300人の命を奪うことになったかもしれない爆発物を機内に持ち込むことができた。これは組織的な失敗だ。全く容認できないことだ」と語った。今回の事件のアブドルムタラブ容疑者は、経由地のラゴスとアムステルダムで安全検査を受けたが、金属探知機は爆発物を探知しなかった。米当局者は、アブドルムタラブ容疑者がどのようにして機内に乗り込むことができたかについての説明や、オバマ政権の対応への批判をかわすことに追われている。,10
10年度予算で消費拡大、経済必ず回復＝藤井財務相,2009/12/30,藤井裕久財務相は30日の臨時閣議後の会見で、日本経済の先行きについて、2010年度予算の執行などを通じて消費などが拡大し、経済は必ず回復するとの見解を示した。設備投資についても、アジア向けの輸出などによって回復するとし、景気が二番底に向かうとの指摘は当たらないと語った。＜新成長戦略は正しい発想、2010年度予算で消費拡大＞政府は30日の臨時閣議で、環境技術や介護健康などを成長市場と位置づけ、2020年度までの平均で名目成長率3％、実質成長率2％を上回る成長をめざすことを盛り込んだ新たな成長戦略の基本方針を決定した。藤井財務相は成長戦略について、過去の高度経済成長期の大規模公共投資や輸出中心の政策から脱却した戦略であり、「正しい発想」と評価した。その上で、日本経済の先行きに対し、25日に決定した2010年度予算の執行などを通じて「経済は必ず戻る。（景気の）二番底というのは当たらない」と景気回復に自信を示した。具体的には、住宅など消費が拡大するとし、設備投資についても「アジア向けの輸出を通じて回復すると思う」と語った。＜JAL法的整理かは「わからない」、国交省の検討見守る＞,10
